관측일시,유의파고,최대파고,파주기,파향
5/1/18 0:00,0.07 ,0.11 ,4.28 ,238 
5/1/18 1:00,0.13 ,0.21 ,4.20 ,244 
5/1/18 2:00,0.10 ,0.17 ,4.45 ,157 
5/1/18 3:00,0.03 ,0.05 ,4.91 ,7 
5/1/18 4:00,0.11 ,0.18 ,3.80 ,218 
5/1/18 5:00,0.08 ,0.12 ,4.50 ,258 
5/1/18 6:00,0.04 ,0.06 ,4.90 ,286 
5/1/18 8:00,0.07 ,0.12 ,6.74 ,7 
5/1/18 9:00,0.10 ,0.17 ,6.38 ,60 
5/1/18 10:00,0.24 ,0.40 ,5.33 ,244 
5/1/18 11:00,0.21 ,0.33 ,5.32 ,223 
5/1/18 12:00,0.23 ,0.38 ,5.09 ,246 
5/1/18 13:00,0.15 ,0.25 ,5.74 ,262 
5/1/18 14:00,0.19 ,0.32 ,4.51 ,304 
5/1/18 15:00,0.15 ,0.25 ,4.24 ,262 
5/1/18 16:00,0.11 ,0.18 ,4.55 ,197 
5/1/18 17:00,0.05 ,0.08 ,5.57 ,268 
5/1/18 18:00,0.31 ,0.52 ,5.05 ,340 
5/1/18 19:00,0.22 ,0.37 ,5.07 ,323 
5/1/18 20:00,0.02 ,0.03 ,4.93 ,277 
5/1/18 21:00,0.03 ,0.04 ,7.12 ,277 
5/1/18 22:00,0.03 ,0.04 ,6.06 ,259 
5/1/18 23:00,0.02 ,0.03 ,5.47 ,247 
5/2/18 0:00,0.04 ,0.07 ,5.21 ,149 
5/2/18 1:00,0.10 ,0.16 ,5.34 ,319 
5/2/18 2:00,0.09 ,0.14 ,5.90 ,315 
5/2/18 3:00,0.06 ,0.10 ,5.69 ,257 
5/2/18 7:00,0.09 ,0.15 ,5.51 ,337 
5/2/18 8:00,0.16 ,0.25 ,4.88 ,300 
5/2/18 9:00,0.21 ,0.35 ,4.85 ,317 
5/2/18 10:00,0.23 ,0.39 ,4.48 ,293 
5/2/18 11:00,0.06 ,0.09 ,4.36 ,274 
5/2/18 12:00,0.08 ,0.13 ,5.32 ,318 
5/2/18 13:00,0.07 ,0.12 ,4.60 ,217 
5/2/18 14:00,0.26 ,0.43 ,4.60 ,264 
5/2/18 15:00,0.67 ,1.12 ,4.60 ,286 
5/2/18 16:00,0.97 ,1.59 ,5.30 ,295 
5/2/18 17:00,1.50 ,2.44 ,6.23 ,298 
5/2/18 18:00,2.09 ,3.39 ,6.54 ,298 
5/2/18 19:00,2.31 ,3.74 ,6.72 ,310 
5/2/18 20:00,2.52 ,4.07 ,6.63 ,308 
5/2/18 21:00,2.28 ,3.70 ,6.38 ,309 
5/2/18 22:00,1.69 ,2.75 ,6.21 ,314 
5/2/18 23:00,1.16 ,1.89 ,5.97 ,317 
5/3/18 0:00,0.90 ,1.48 ,5.82 ,318 
5/3/18 1:00,0.73 ,1.20 ,5.54 ,323 
5/3/18 2:00,0.66 ,1.09 ,5.46 ,322 
5/3/18 3:00,0.62 ,1.02 ,5.34 ,323 
5/3/18 4:00,0.85 ,1.40 ,5.49 ,314 
5/3/18 5:00,1.21 ,1.98 ,5.71 ,305 
5/3/18 6:00,1.45 ,2.37 ,5.94 ,300 
5/3/18 7:00,1.42 ,2.32 ,6.20 ,301 
5/3/18 8:00,1.68 ,2.73 ,6.16 ,299 
5/3/18 9:00,1.91 ,3.11 ,6.14 ,300 
5/3/18 10:00,1.54 ,2.50 ,6.11 ,294 
5/3/18 11:00,1.14 ,1.86 ,5.92 ,285 
5/3/18 12:00,1.23 ,2.02 ,5.94 ,290 
5/3/18 13:00,1.30 ,2.13 ,5.75 ,294 
5/3/18 14:00,1.30 ,2.13 ,5.62 ,296 
5/3/18 15:00,1.11 ,1.83 ,5.53 ,296 
5/3/18 16:00,0.89 ,1.46 ,5.55 ,301 
5/3/18 17:00,1.02 ,1.68 ,5.68 ,304 
5/3/18 18:00,1.16 ,1.89 ,5.79 ,305 
5/3/18 19:00,1.14 ,1.87 ,5.78 ,304 
5/3/18 20:00,1.20 ,1.96 ,5.83 ,309 
5/3/18 21:00,1.35 ,2.21 ,5.85 ,304 
5/3/18 22:00,1.11 ,1.82 ,5.89 ,295 
5/3/18 23:00,1.11 ,1.82 ,5.75 ,282 
5/4/18 0:00,0.89 ,1.46 ,5.37 ,297 
5/4/18 1:00,0.88 ,1.45 ,5.38 ,302 
5/4/18 2:00,0.86 ,1.41 ,5.30 ,299 
5/4/18 3:00,0.81 ,1.33 ,5.38 ,303 
5/4/18 4:00,0.87 ,1.43 ,5.58 ,307 
5/4/18 5:00,0.87 ,1.43 ,5.71 ,311 
5/4/18 6:00,1.03 ,1.69 ,5.86 ,310 
5/4/18 7:00,1.14 ,1.87 ,5.84 ,311 
5/4/18 8:00,0.74 ,1.21 ,5.52 ,291 
5/4/18 9:00,0.77 ,1.26 ,5.75 ,302 
5/4/18 10:00,0.91 ,1.50 ,5.77 ,300 
5/4/18 11:00,0.89 ,1.46 ,5.49 ,292 
5/4/18 12:00,0.79 ,1.31 ,5.36 ,285 
5/4/18 13:00,0.72 ,1.20 ,5.26 ,282 
5/4/18 14:00,0.86 ,1.42 ,5.24 ,283 
5/4/18 15:00,0.88 ,1.46 ,5.23 ,289 
5/4/18 16:00,0.93 ,1.53 ,5.21 ,293 
5/4/18 17:00,0.87 ,1.44 ,5.30 ,297 
5/4/18 18:00,0.84 ,1.39 ,5.48 ,290 
5/4/18 19:00,0.92 ,1.50 ,5.52 ,282 
5/4/18 20:00,0.76 ,1.26 ,5.65 ,277 
5/4/18 21:00,0.72 ,1.18 ,5.68 ,278 
5/4/18 22:00,0.97 ,1.59 ,5.82 ,274 
5/4/18 23:00,1.12 ,1.84 ,5.76 ,270 
5/5/18 0:00,1.00 ,1.65 ,5.46 ,279 
5/5/18 1:00,0.76 ,1.26 ,5.22 ,270 
5/5/18 2:00,0.76 ,1.25 ,5.22 ,270 
5/5/18 3:00,1.05 ,1.74 ,5.31 ,266 
5/5/18 4:00,0.92 ,1.51 ,5.40 ,267 
5/5/18 5:00,0.90 ,1.48 ,5.45 ,260 
5/5/18 6:00,1.00 ,1.64 ,5.41 ,260 
5/5/18 7:00,0.88 ,1.44 ,5.39 ,252 
5/5/18 8:00,0.73 ,1.20 ,5.50 ,255 
5/5/18 9:00,0.77 ,1.26 ,5.56 ,253 
5/5/18 10:00,0.67 ,1.10 ,5.63 ,251 
5/5/18 11:00,0.52 ,0.84 ,5.88 ,254 
5/5/18 12:00,0.67 ,1.09 ,5.97 ,254 
5/5/18 13:00,0.64 ,1.04 ,5.79 ,254 
5/5/18 14:00,0.57 ,0.94 ,5.65 ,251 
5/5/18 15:00,0.59 ,0.96 ,5.56 ,251 
5/5/18 16:00,0.51 ,0.84 ,5.41 ,252 
5/5/18 17:00,0.50 ,0.82 ,5.38 ,260 
5/5/18 18:00,0.51 ,0.83 ,5.43 ,261 
5/5/18 19:00,0.49 ,0.81 ,5.41 ,253 
5/5/18 20:00,0.58 ,0.96 ,5.50 ,245 
5/5/18 21:00,0.55 ,0.90 ,5.47 ,239 
5/5/18 22:00,0.51 ,0.84 ,5.49 ,237 
5/5/18 23:00,0.33 ,0.54 ,5.46 ,235 
5/6/18 0:00,0.30 ,0.50 ,5.46 ,237 
5/6/18 1:00,0.34 ,0.56 ,5.31 ,240 
5/6/18 2:00,0.30 ,0.49 ,5.49 ,230 
5/6/18 3:00,0.27 ,0.44 ,5.31 ,232 
5/6/18 4:00,0.31 ,0.51 ,5.10 ,229 
5/6/18 5:00,0.30 ,0.49 ,5.14 ,239 
5/6/18 6:00,0.28 ,0.46 ,5.28 ,246 
5/6/18 7:00,0.25 ,0.42 ,4.97 ,240 
5/6/18 8:00,0.28 ,0.45 ,5.07 ,228 
5/6/18 9:00,0.32 ,0.53 ,5.50 ,219 
5/6/18 10:00,0.32 ,0.52 ,5.61 ,219 
5/6/18 11:00,0.37 ,0.61 ,6.10 ,217 
5/6/18 12:00,0.36 ,0.58 ,6.15 ,220 
5/6/18 13:00,0.18 ,0.30 ,5.75 ,265 
5/6/18 14:00,0.33 ,0.54 ,6.17 ,227 
5/6/18 15:00,0.41 ,0.67 ,6.30 ,226 
5/6/18 16:00,0.36 ,0.58 ,6.27 ,226 
5/6/18 17:00,0.32 ,0.52 ,6.15 ,222 
5/6/18 18:00,0.41 ,0.68 ,6.08 ,221 
5/6/18 19:00,0.35 ,0.56 ,6.11 ,222 
5/6/18 20:00,0.31 ,0.50 ,6.34 ,220 
5/6/18 21:00,0.36 ,0.59 ,5.67 ,267 
5/6/18 22:00,0.32 ,0.52 ,6.31 ,243 
5/6/18 23:00,0.38 ,0.62 ,6.04 ,239 
5/7/18 0:00,0.37 ,0.61 ,6.34 ,220 
5/7/18 1:00,0.20 ,0.33 ,6.59 ,238 
5/7/18 2:00,0.19 ,0.31 ,6.53 ,226 
5/7/18 3:00,0.25 ,0.41 ,6.10 ,243 
5/7/18 4:00,0.31 ,0.50 ,6.37 ,222 
5/7/18 5:00,0.37 ,0.60 ,6.19 ,220 
5/7/18 6:00,0.32 ,0.51 ,6.25 ,219 
5/7/18 7:00,0.31 ,0.51 ,6.17 ,219 
5/7/18 8:00,0.34 ,0.56 ,5.94 ,223 
5/7/18 9:00,0.34 ,0.55 ,6.16 ,223 
5/7/18 10:00,0.28 ,0.45 ,6.51 ,218 
5/7/18 11:00,0.23 ,0.38 ,6.51 ,233 
5/7/18 12:00,0.21 ,0.34 ,6.53 ,247 
5/7/18 13:00,0.18 ,0.29 ,6.03 ,271 
5/7/18 14:00,0.27 ,0.44 ,5.62 ,290 
5/7/18 15:00,0.31 ,0.51 ,5.93 ,315 
5/7/18 16:00,0.26 ,0.42 ,6.50 ,262 
5/7/18 17:00,0.22 ,0.36 ,6.16 ,240 
5/7/18 18:00,0.09 ,0.14 ,6.56 ,220 
5/7/18 19:00,0.16 ,0.26 ,6.91 ,226 
5/7/18 20:00,0.12 ,0.20 ,6.81 ,226 
5/7/18 21:00,0.15 ,0.25 ,5.65 ,247 
5/7/18 22:00,0.25 ,0.40 ,5.40 ,301 
5/7/18 23:00,0.25 ,0.41 ,5.18 ,333 
5/8/18 0:00,0.24 ,0.40 ,5.39 ,324 
5/8/18 1:00,0.22 ,0.36 ,5.09 ,279 
5/8/18 2:00,0.23 ,0.37 ,4.84 ,224 
5/8/18 3:00,0.20 ,0.34 ,5.49 ,72 
5/8/18 4:00,0.16 ,0.26 ,5.69 ,281 
5/8/18 5:00,0.12 ,0.19 ,5.79 ,257 
5/8/18 6:00,0.07 ,0.11 ,4.94 ,301 
5/8/18 7:00,0.04 ,0.07 ,4.88 ,306 
5/8/18 8:00,0.10 ,0.17 ,5.41 ,254 
5/8/18 9:00,0.23 ,0.38 ,6.85 ,322 
5/8/18 10:00,0.17 ,0.28 ,6.07 ,287 
5/8/18 11:00,0.15 ,0.26 ,5.56 ,264 
5/8/18 12:00,0.10 ,0.18 ,5.79 ,232 
5/8/18 13:00,0.11 ,0.17 ,5.68 ,284 
5/8/18 14:00,0.09 ,0.15 ,4.90 ,342 
5/8/18 15:00,0.07 ,0.10 ,5.46 ,250 
5/8/18 16:00,0.10 ,0.16 ,6.08 ,217 
5/8/18 17:00,0.13 ,0.21 ,6.30 ,217 
5/8/18 18:00,0.19 ,0.32 ,5.05 ,275 
5/8/18 19:00,0.22 ,0.37 ,4.89 ,281 
5/8/18 20:00,0.14 ,0.22 ,6.20 ,241 
5/8/18 21:00,0.14 ,0.22 ,6.03 ,349 
5/8/18 22:00,0.22 ,0.37 ,4.71 ,320 
5/8/18 23:00,0.11 ,0.18 ,4.93 ,326 
5/9/18 0:00,0.07 ,0.12 ,5.80 ,256 
5/9/18 1:00,0.09 ,0.14 ,5.70 ,234 
5/9/18 2:00,0.10 ,0.16 ,5.47 ,223 
5/9/18 3:00,0.12 ,0.20 ,5.03 ,281 
5/9/18 4:00,0.16 ,0.27 ,5.29 ,266 
5/9/18 5:00,0.14 ,0.23 ,4.90 ,249 
5/9/18 6:00,0.19 ,0.31 ,5.68 ,264 
5/9/18 7:00,0.20 ,0.34 ,5.34 ,297 
5/9/18 8:00,0.19 ,0.31 ,5.41 ,247 
5/9/18 9:00,0.27 ,0.46 ,4.79 ,7 
5/9/18 10:00,0.25 ,0.41 ,8.97 ,231 
5/9/18 11:00,0.29 ,0.48 ,5.99 ,307 
5/9/18 12:00,0.27 ,0.44 ,5.73 ,271 
5/9/18 13:00,0.12 ,0.19 ,4.31 ,105 
5/9/18 14:00,0.05 ,0.09 ,4.39 ,352 
5/9/18 15:00,0.09 ,0.15 ,5.11 ,295 
5/9/18 16:00,0.20 ,0.34 ,5.13 ,244 
5/9/18 17:00,0.20 ,0.33 ,5.76 ,242 
5/9/18 18:00,0.12 ,0.19 ,6.07 ,277 
5/9/18 19:00,0.22 ,0.36 ,5.64 ,334 
5/9/18 20:00,0.20 ,0.33 ,4.92 ,320 
5/9/18 21:00,0.16 ,0.27 ,4.87 ,274 
5/9/18 22:00,0.09 ,0.15 ,5.62 ,152 
5/9/18 23:00,0.03 ,0.05 ,5.55 ,128 
5/10/18 0:00,0.11 ,0.19 ,4.95 ,268 
5/10/18 1:00,0.31 ,0.52 ,4.51 ,315 
5/10/18 2:00,0.22 ,0.37 ,4.19 ,307 
5/10/18 3:00,0.13 ,0.21 ,7.87 ,277 
5/10/18 4:00,0.11 ,0.18 ,7.43 ,282 
5/10/18 5:00,0.04 ,0.06 ,5.43 ,239 
5/10/18 6:00,0.07 ,0.12 ,4.54 ,283 
5/10/18 7:00,0.05 ,0.08 ,4.28 ,307 
5/10/18 8:00,0.08 ,0.13 ,4.67 ,247 
5/10/18 9:00,0.06 ,0.10 ,5.72 ,319 
5/10/18 10:00,0.09 ,0.15 ,6.27 ,337 
5/10/18 11:00,0.08 ,0.14 ,6.28 ,337 
5/10/18 12:00,0.07 ,0.10 ,32.00 ,217 
5/10/18 13:00,0.07 ,0.10 ,29.57 ,226 
5/10/18 14:00,0.07 ,0.12 ,5.80 ,277 
5/10/18 15:00,0.07 ,0.11 ,5.83 ,262 
5/10/18 16:00,0.06 ,0.10 ,5.41 ,277 
5/10/18 17:00,0.07 ,0.12 ,5.09 ,298 
5/10/18 18:00,0.09 ,0.15 ,5.65 ,337 
5/10/18 19:00,0.07 ,0.11 ,5.34 ,316 
5/10/18 20:00,0.04 ,0.07 ,4.80 ,277 
5/10/18 21:00,0.07 ,0.11 ,5.45 ,279 
5/10/18 22:00,0.07 ,0.13 ,4.99 ,290 
5/10/18 23:00,0.09 ,0.15 ,4.84 ,288 
5/11/18 0:00,0.22 ,0.37 ,5.09 ,296 
5/11/18 1:00,0.07 ,0.11 ,4.38 ,279 
5/11/18 2:00,0.06 ,0.09 ,5.66 ,250 
5/11/18 3:00,0.03 ,0.05 ,5.33 ,247 
5/11/18 4:00,0.08 ,0.13 ,5.16 ,249 
5/11/18 5:00,0.06 ,0.11 ,4.82 ,250 
5/11/18 6:00,0.17 ,0.30 ,4.80 ,229 
5/11/18 7:00,0.21 ,0.35 ,4.94 ,240 
5/11/18 8:00,0.06 ,0.10 ,4.82 ,184 
5/11/18 9:00,0.10 ,0.17 ,4.66 ,273 
5/11/18 10:00,0.29 ,0.48 ,6.33 ,247 
5/11/18 11:00,0.21 ,0.35 ,5.03 ,247 
5/11/18 12:00,0.12 ,0.19 ,4.90 ,259 
5/11/18 13:00,0.05 ,0.08 ,5.16 ,278 
5/11/18 14:00,0.49 ,0.80 ,5.29 ,264 
5/11/18 15:00,0.31 ,0.52 ,4.98 ,273 
5/11/18 16:00,0.22 ,0.37 ,4.86 ,232 
5/11/18 17:00,0.18 ,0.30 ,5.39 ,295 
5/11/18 18:00,0.10 ,0.17 ,5.34 ,265 
5/11/18 19:00,0.06 ,0.10 ,5.54 ,315 
5/11/18 20:00,0.06 ,0.10 ,5.41 ,334 
5/11/18 21:00,0.16 ,0.26 ,5.10 ,317 
5/11/18 22:00,0.06 ,0.11 ,5.07 ,223 
5/11/18 23:00,0.12 ,0.20 ,4.96 ,247 
5/12/18 0:00,0.05 ,0.08 ,5.04 ,184 
5/12/18 1:00,0.05 ,0.09 ,5.49 ,205 
5/12/18 2:00,0.14 ,0.23 ,6.07 ,7 
5/12/18 3:00,0.07 ,0.12 ,5.09 ,187 
5/12/18 4:00,0.04 ,0.07 ,4.35 ,281 
5/12/18 5:00,0.06 ,0.10 ,4.24 ,265 
5/12/18 6:00,0.08 ,0.12 ,5.37 ,321 
5/12/18 7:00,0.07 ,0.12 ,5.70 ,331 
5/12/18 8:00,0.15 ,0.24 ,4.77 ,142 
5/12/18 9:00,0.26 ,0.42 ,5.19 ,7 
5/12/18 10:00,0.15 ,0.24 ,5.42 ,237 
5/12/18 11:00,0.15 ,0.25 ,5.18 ,249 
5/12/18 12:00,0.03 ,0.04 ,3.78 ,317 
5/12/18 13:00,0.06 ,0.10 ,4.85 ,217 
5/12/18 14:00,0.11 ,0.19 ,4.93 ,217 
5/12/18 15:00,0.19 ,0.31 ,4.93 ,224 
5/12/18 16:00,0.19 ,0.32 ,4.97 ,224 
5/12/18 17:00,0.12 ,0.19 ,4.82 ,219 
5/12/18 18:00,0.08 ,0.13 ,5.22 ,231 
5/12/18 19:00,0.08 ,0.13 ,5.53 ,229 
5/12/18 20:00,0.29 ,0.49 ,4.20 ,306 
5/12/18 21:00,0.29 ,0.48 ,4.43 ,292 
5/12/18 22:00,0.23 ,0.38 ,4.70 ,253 
5/12/18 23:00,0.08 ,0.12 ,5.24 ,113 
5/13/18 0:00,0.08 ,0.13 ,5.38 ,128 
5/13/18 1:00,0.14 ,0.24 ,5.11 ,226 
5/13/18 2:00,0.10 ,0.17 ,4.71 ,237 
5/13/18 3:00,0.10 ,0.16 ,5.27 ,218 
5/13/18 4:00,0.10 ,0.17 ,5.23 ,217 
5/13/18 5:00,0.10 ,0.17 ,5.21 ,217 
5/13/18 6:00,0.09 ,0.15 ,7.32 ,268 
5/13/18 7:00,0.23 ,0.38 ,5.58 ,239 
5/13/18 8:00,0.26 ,0.43 ,4.65 ,298 
5/13/18 9:00,0.15 ,0.26 ,4.79 ,261 
5/13/18 10:00,0.06 ,0.10 ,4.96 ,232 
5/13/18 11:00,0.39 ,0.65 ,5.76 ,233 
5/13/18 12:00,0.22 ,0.37 ,5.73 ,233 
5/13/18 13:00,0.29 ,0.47 ,4.99 ,337 
5/13/18 14:00,0.16 ,0.26 ,4.82 ,322 
5/13/18 15:00,0.09 ,0.14 ,5.28 ,279 
5/13/18 16:00,0.05 ,0.09 ,4.97 ,279 
5/13/18 17:00,0.06 ,0.10 ,5.04 ,278 
5/13/18 18:00,0.09 ,0.15 ,5.25 ,267 
5/13/18 19:00,0.06 ,0.10 ,6.86 ,271 
5/13/18 20:00,0.08 ,0.13 ,6.18 ,308 
5/13/18 21:00,0.20 ,0.32 ,5.91 ,293 
5/13/18 22:00,0.27 ,0.44 ,5.91 ,333 
5/13/18 23:00,0.10 ,0.16 ,5.21 ,129 
5/14/18 0:00,0.08 ,0.13 ,5.36 ,288 
5/14/18 1:00,0.07 ,0.12 ,5.71 ,264 
5/14/18 2:00,0.03 ,0.06 ,4.79 ,217 
5/14/18 3:00,0.06 ,0.10 ,4.99 ,230 
5/14/18 4:00,0.07 ,0.12 ,4.55 ,253 
5/14/18 5:00,0.08 ,0.14 ,5.34 ,246 
5/14/18 6:00,0.06 ,0.11 ,5.53 ,225 
5/14/18 7:00,0.05 ,0.09 ,5.44 ,217 
5/14/18 8:00,0.05 ,0.09 ,5.09 ,308 
5/14/18 9:00,0.07 ,0.11 ,4.74 ,293 
5/14/18 10:00,0.05 ,0.09 ,4.21 ,238 
5/14/18 11:00,0.02 ,0.04 ,4.50 ,90 
5/14/18 12:00,0.03 ,0.06 ,5.05 ,339 
5/14/18 13:00,0.05 ,0.08 ,5.28 ,324 
5/14/18 14:00,0.05 ,0.09 ,4.90 ,286 
5/14/18 15:00,0.04 ,0.06 ,5.71 ,303 
5/14/18 16:00,0.05 ,0.09 ,5.90 ,294 
5/14/18 17:00,0.07 ,0.12 ,5.29 ,223 
5/14/18 18:00,0.04 ,0.08 ,4.79 ,274 
5/14/18 19:00,0.03 ,0.05 ,4.58 ,299 
5/14/18 20:00,0.09 ,0.15 ,4.52 ,243 
5/14/18 21:00,0.09 ,0.16 ,4.62 ,239 
5/14/18 22:00,0.06 ,0.10 ,5.39 ,253 
5/14/18 23:00,0.09 ,0.14 ,4.34 ,286 
5/15/18 0:00,0.08 ,0.13 ,4.44 ,276 
5/15/18 1:00,0.09 ,0.14 ,4.72 ,248 
5/15/18 2:00,0.10 ,0.17 ,4.76 ,249 
5/15/18 3:00,0.11 ,0.18 ,4.99 ,248 
5/15/18 4:00,0.09 ,0.14 ,4.79 ,298 
5/15/18 5:00,0.07 ,0.12 ,5.19 ,295 
5/15/18 6:00,0.12 ,0.19 ,5.02 ,252 
5/15/18 7:00,0.10 ,0.18 ,5.01 ,241 
5/15/18 8:00,0.04 ,0.08 ,5.97 ,221 
5/15/18 9:00,0.06 ,0.09 ,5.51 ,301 
5/15/18 10:00,0.08 ,0.13 ,5.29 ,254 
5/15/18 11:00,0.06 ,0.10 ,4.58 ,253 
5/15/18 12:00,0.15 ,0.25 ,5.17 ,247 
5/15/18 13:00,0.08 ,0.13 ,4.66 ,298 
5/15/18 14:00,0.04 ,0.06 ,4.67 ,288 
5/15/18 15:00,0.08 ,0.13 ,4.80 ,249 
5/15/18 16:00,0.20 ,0.33 ,4.53 ,224 
5/15/18 17:00,0.18 ,0.30 ,4.69 ,219 
5/15/18 18:00,0.14 ,0.24 ,4.46 ,218 
5/15/18 19:00,0.09 ,0.14 ,4.87 ,294 
5/15/18 20:00,0.06 ,0.10 ,5.00 ,319 
5/15/18 21:00,0.09 ,0.15 ,5.33 ,242 
5/15/18 22:00,0.12 ,0.20 ,5.22 ,232 
5/15/18 23:00,0.07 ,0.12 ,4.91 ,277 
5/16/18 0:00,0.27 ,0.46 ,5.33 ,233 
5/16/18 1:00,0.30 ,0.50 ,5.31 ,232 
5/16/18 2:00,0.40 ,0.66 ,5.22 ,239 
5/16/18 3:00,0.48 ,0.79 ,5.39 ,246 
5/16/18 4:00,0.41 ,0.68 ,5.44 ,220 
5/16/18 5:00,0.47 ,0.78 ,5.27 ,220 
5/16/18 6:00,0.47 ,0.77 ,5.28 ,218 
5/16/18 7:00,0.40 ,0.66 ,5.53 ,219 
5/16/18 8:00,0.38 ,0.62 ,5.43 ,219 
5/16/18 9:00,0.18 ,0.30 ,5.50 ,218 
5/16/18 10:00,0.23 ,0.37 ,5.91 ,235 
5/16/18 11:00,0.33 ,0.54 ,5.93 ,235 
5/16/18 12:00,0.32 ,0.52 ,5.93 ,224 
5/16/18 13:00,0.38 ,0.61 ,6.21 ,226 
5/16/18 14:00,0.46 ,0.76 ,5.83 ,235 
5/16/18 15:00,0.45 ,0.74 ,5.65 ,235 
5/16/18 16:00,0.41 ,0.67 ,5.36 ,245 
5/16/18 17:00,0.43 ,0.70 ,5.53 ,231 
5/16/18 18:00,0.46 ,0.75 ,5.70 ,219 
5/16/18 19:00,0.45 ,0.73 ,5.96 ,217 
5/16/18 20:00,0.38 ,0.62 ,5.81 ,217 
5/16/18 21:00,0.34 ,0.55 ,5.69 ,218 
5/16/18 22:00,0.23 ,0.37 ,5.92 ,218 
5/16/18 23:00,0.23 ,0.37 ,5.70 ,225 
5/17/18 0:00,0.37 ,0.60 ,6.11 ,219 
5/17/18 1:00,0.32 ,0.52 ,6.51 ,229 
5/17/18 2:00,0.24 ,0.39 ,5.88 ,243 
5/17/18 3:00,0.25 ,0.41 ,5.70 ,246 
5/17/18 4:00,0.40 ,0.66 ,5.68 ,243 
5/17/18 5:00,0.34 ,0.55 ,5.30 ,244 
5/17/18 6:00,0.33 ,0.54 ,5.07 ,237 
5/17/18 7:00,0.34 ,0.57 ,5.29 ,219 
5/17/18 8:00,0.35 ,0.57 ,5.80 ,218 
5/17/18 9:00,0.30 ,0.49 ,6.03 ,220 
5/17/18 10:00,0.30 ,0.48 ,6.26 ,218 
5/17/18 11:00,0.12 ,0.21 ,5.61 ,256 
5/17/18 12:00,0.22 ,0.36 ,5.85 ,223 
5/17/18 13:00,0.20 ,0.33 ,6.34 ,229 
5/17/18 14:00,0.11 ,0.19 ,5.43 ,259 
5/17/18 15:00,0.32 ,0.53 ,5.47 ,228 
5/17/18 16:00,0.33 ,0.55 ,5.33 ,230 
5/17/18 17:00,0.20 ,0.34 ,5.07 ,241 
5/17/18 18:00,0.14 ,0.23 ,5.63 ,233 
5/17/18 19:00,0.27 ,0.44 ,5.42 ,233 
5/17/18 20:00,0.42 ,0.68 ,5.79 ,218 
5/17/18 21:00,0.36 ,0.59 ,6.01 ,219 
5/17/18 22:00,0.31 ,0.51 ,6.18 ,218 
5/17/18 23:00,0.16 ,0.27 ,6.04 ,224 
5/18/18 0:00,0.17 ,0.28 ,5.45 ,240 
5/18/18 1:00,0.29 ,0.47 ,6.13 ,220 
5/18/18 2:00,0.32 ,0.52 ,5.86 ,230 
5/18/18 3:00,0.20 ,0.33 ,5.97 ,237 
5/18/18 4:00,0.20 ,0.33 ,5.77 ,254 
5/18/18 5:00,0.21 ,0.34 ,5.68 ,230 
5/18/18 6:00,0.26 ,0.44 ,5.14 ,228 
5/18/18 7:00,0.21 ,0.35 ,5.53 ,228 
5/18/18 8:00,0.26 ,0.42 ,6.33 ,222 
5/18/18 9:00,0.23 ,0.38 ,5.87 ,225 
5/18/18 10:00,0.19 ,0.31 ,5.96 ,221 
5/18/18 11:00,0.18 ,0.30 ,6.32 ,231 
5/18/18 12:00,0.12 ,0.20 ,5.10 ,217 
5/18/18 13:00,0.16 ,0.26 ,5.81 ,244 
5/18/18 14:00,0.17 ,0.27 ,5.57 ,239 
5/18/18 15:00,0.07 ,0.11 ,5.11 ,272 
5/18/18 16:00,0.15 ,0.25 ,6.63 ,234 
5/18/18 17:00,0.13 ,0.20 ,5.64 ,269 
5/18/18 18:00,0.14 ,0.23 ,4.95 ,253 
5/18/18 19:00,0.18 ,0.30 ,5.26 ,239 
5/18/18 20:00,0.20 ,0.33 ,5.23 ,243 
5/18/18 21:00,0.15 ,0.25 ,5.34 ,247 
5/18/18 22:00,0.21 ,0.35 ,4.88 ,268 
5/18/18 23:00,0.24 ,0.40 ,4.86 ,248 
5/19/18 0:00,0.16 ,0.26 ,4.83 ,262 
5/19/18 1:00,0.20 ,0.33 ,4.65 ,277 
5/19/18 2:00,0.20 ,0.33 ,4.49 ,289 
5/19/18 3:00,0.19 ,0.32 ,4.84 ,316 
5/19/18 4:00,0.18 ,0.30 ,5.05 ,285 
5/19/18 5:00,0.19 ,0.31 ,4.83 ,164 
5/19/18 6:00,0.16 ,0.27 ,4.78 ,342 
5/19/18 7:00,0.23 ,0.39 ,4.91 ,176 
5/19/18 8:00,0.32 ,0.54 ,4.97 ,205 
5/19/18 9:00,0.33 ,0.55 ,5.00 ,346 
5/19/18 10:00,0.20 ,0.33 ,5.08 ,349 
5/19/18 11:00,0.16 ,0.26 ,5.21 ,299 
5/19/18 12:00,0.10 ,0.15 ,5.85 ,323 
5/19/18 13:00,0.10 ,0.16 ,5.42 ,319 
5/19/18 14:00,0.16 ,0.27 ,4.26 ,279 
5/19/18 15:00,0.12 ,0.21 ,4.67 ,139 
5/19/18 16:00,0.14 ,0.23 ,4.67 ,255 
5/19/18 17:00,0.17 ,0.28 ,4.98 ,329 
5/19/18 18:00,0.16 ,0.28 ,4.94 ,280 
5/19/18 19:00,0.05 ,0.08 ,3.98 ,93 
5/19/18 20:00,0.09 ,0.15 ,4.19 ,287 
5/19/18 21:00,0.19 ,0.32 ,4.29 ,272 
5/19/18 22:00,0.28 ,0.47 ,4.55 ,277 
5/19/18 23:00,0.34 ,0.57 ,4.65 ,260 
5/20/18 0:00,0.04 ,0.06 ,4.99 ,330 
5/20/18 1:00,0.04 ,0.07 ,4.73 ,295 
5/20/18 3:00,0.08 ,0.12 ,5.22 ,284 
5/20/18 4:00,0.08 ,0.13 ,5.45 ,283 
5/20/18 5:00,0.07 ,0.12 ,6.07 ,276 
5/20/18 6:00,0.11 ,0.19 ,4.77 ,246 
5/20/18 7:00,0.23 ,0.38 ,4.27 ,246 
5/20/18 8:00,0.16 ,0.27 ,5.07 ,245 
5/20/18 9:00,0.13 ,0.21 ,5.20 ,168 
5/20/18 10:00,0.10 ,0.16 ,5.43 ,234 
5/20/18 11:00,0.19 ,0.32 ,4.79 ,292 
5/20/18 12:00,0.15 ,0.24 ,5.32 ,279 
5/20/18 13:00,0.13 ,0.21 ,5.69 ,301 
5/20/18 14:00,0.09 ,0.15 ,6.10 ,242 
5/20/18 15:00,0.13 ,0.21 ,6.20 ,310 
5/20/18 16:00,0.10 ,0.17 ,5.58 ,326 
5/20/18 17:00,0.08 ,0.12 ,6.08 ,290 
5/20/18 18:00,0.07 ,0.12 ,6.45 ,273 
5/20/18 19:00,0.05 ,0.08 ,5.90 ,279 
5/20/18 20:00,0.05 ,0.09 ,5.37 ,251 
5/20/18 21:00,0.06 ,0.10 ,5.30 ,217 
5/20/18 22:00,0.03 ,0.06 ,5.67 ,236 
5/20/18 23:00,0.07 ,0.11 ,5.02 ,281 
5/21/18 0:00,0.09 ,0.15 ,4.87 ,282 
5/21/18 1:00,0.08 ,0.12 ,5.78 ,292 
5/21/18 2:00,0.07 ,0.12 ,6.32 ,254 
5/21/18 3:00,0.05 ,0.09 ,6.27 ,244 
5/21/18 4:00,0.04 ,0.07 ,5.49 ,222 
5/21/18 5:00,0.05 ,0.09 ,5.40 ,259 
5/21/18 6:00,0.07 ,0.11 ,5.44 ,254 
5/21/18 7:00,0.08 ,0.13 ,6.61 ,233 
5/21/18 8:00,0.06 ,0.09 ,5.66 ,245 
5/21/18 9:00,0.07 ,0.12 ,5.12 ,229 
5/21/18 10:00,0.10 ,0.17 ,5.48 ,248 
5/21/18 11:00,0.07 ,0.11 ,5.62 ,247 
5/21/18 12:00,0.20 ,0.34 ,6.18 ,278 
5/21/18 13:00,0.27 ,0.45 ,4.81 ,322 
5/21/18 14:00,0.15 ,0.25 ,4.39 ,311 
5/21/18 15:00,0.09 ,0.14 ,4.07 ,113 
5/21/18 16:00,0.09 ,0.15 ,4.06 ,7 
5/21/18 17:00,0.15 ,0.25 ,4.67 ,181 
5/21/18 18:00,0.17 ,0.28 ,4.99 ,248 
5/21/18 19:00,0.08 ,0.12 ,5.60 ,264 
5/21/18 20:00,0.06 ,0.10 ,5.44 ,278 
5/21/18 21:00,0.10 ,0.17 ,5.70 ,245 
5/21/18 22:00,0.27 ,0.44 ,5.50 ,279 
5/21/18 23:00,0.23 ,0.39 ,5.41 ,317 
5/22/18 0:00,0.03 ,0.05 ,6.00 ,244 
5/22/18 1:00,0.02 ,0.04 ,5.38 ,277 
5/22/18 2:00,0.03 ,0.05 ,5.09 ,272 
5/22/18 3:00,0.05 ,0.08 ,4.81 ,249 
5/22/18 4:00,0.07 ,0.12 ,5.62 ,254 
5/22/18 5:00,0.04 ,0.07 ,5.55 ,245 
5/22/18 6:00,0.14 ,0.23 ,4.43 ,6 
5/22/18 7:00,0.42 ,0.69 ,4.49 ,228 
5/22/18 8:00,0.23 ,0.38 ,4.39 ,251 
5/22/18 9:00,0.12 ,0.19 ,5.20 ,275 
5/22/18 10:00,0.07 ,0.12 ,5.33 ,311 
5/22/18 11:00,0.17 ,0.29 ,3.54 ,335 
5/22/18 12:00,0.25 ,0.41 ,4.97 ,289 
5/22/18 13:00,0.26 ,0.42 ,5.64 ,264 
5/22/18 14:00,0.19 ,0.31 ,4.70 ,198 
5/22/18 17:00,0.28 ,0.46 ,4.50 ,241 
5/22/18 18:00,0.12 ,0.21 ,5.32 ,232 
5/22/18 19:00,0.08 ,0.14 ,5.58 ,306 
5/22/18 20:00,0.04 ,0.07 ,4.42 ,277 
5/22/18 21:00,0.09 ,0.14 ,6.37 ,175 
5/22/18 22:00,0.09 ,0.15 ,7.00 ,51 
5/22/18 23:00,0.08 ,0.14 ,5.88 ,223 
5/23/18 0:00,0.31 ,0.53 ,4.30 ,195 
5/23/18 1:00,0.32 ,0.54 ,3.87 ,349 
5/23/18 2:00,0.08 ,0.12 ,6.45 ,96 
5/23/18 3:00,0.11 ,0.17 ,6.30 ,348 
5/23/18 5:00,0.07 ,0.12 ,6.52 ,328 
5/23/18 6:00,0.12 ,0.19 ,6.23 ,332 
5/23/18 7:00,0.30 ,0.49 ,4.86 ,324 
5/23/18 8:00,0.64 ,1.06 ,5.22 ,311 
5/23/18 9:00,0.60 ,0.99 ,5.58 ,310 
5/23/18 10:00,0.46 ,0.76 ,5.54 ,316 
5/23/18 11:00,0.33 ,0.53 ,5.99 ,298 
5/23/18 12:00,0.27 ,0.45 ,5.60 ,295 
5/23/18 13:00,0.24 ,0.40 ,5.30 ,295 
5/23/18 14:00,0.15 ,0.25 ,5.38 ,310 
5/23/18 15:00,0.25 ,0.42 ,5.16 ,306 
5/23/18 16:00,0.30 ,0.50 ,5.09 ,308 
5/23/18 17:00,0.26 ,0.42 ,5.12 ,306 
5/23/18 18:00,0.17 ,0.27 ,5.20 ,293 
5/23/18 19:00,0.13 ,0.22 ,5.27 ,277 
5/23/18 20:00,0.17 ,0.28 ,4.46 ,260 
5/23/18 21:00,0.16 ,0.27 ,4.33 ,290 
5/23/18 22:00,0.08 ,0.13 ,4.37 ,332 
5/23/18 23:00,0.07 ,0.13 ,4.52 ,301 
5/24/18 0:00,0.08 ,0.13 ,4.89 ,261 
5/24/18 1:00,0.07 ,0.11 ,4.97 ,317 
5/24/18 2:00,0.09 ,0.15 ,6.21 ,309 
5/24/18 3:00,0.05 ,0.08 ,6.10 ,328 
5/24/18 4:00,0.03 ,0.05 ,4.89 ,317 
5/24/18 5:00,0.04 ,0.07 ,4.53 ,293 
5/24/18 6:00,0.05 ,0.09 ,4.44 ,312 
5/24/18 7:00,0.06 ,0.10 ,5.62 ,242 
5/24/18 8:00,0.07 ,0.12 ,5.80 ,244 
5/24/18 9:00,0.09 ,0.16 ,5.17 ,267 
5/24/18 10:00,0.10 ,0.17 ,4.58 ,273 
5/24/18 11:00,0.16 ,0.27 ,4.65 ,271 
5/24/18 12:00,0.29 ,0.48 ,5.19 ,266 
5/24/18 13:00,0.34 ,0.56 ,4.93 ,272 
5/24/18 14:00,0.44 ,0.73 ,4.83 ,268 
5/24/18 15:00,0.49 ,0.81 ,4.82 ,269 
5/24/18 16:00,0.48 ,0.79 ,5.12 ,266 
5/24/18 17:00,0.48 ,0.79 ,5.22 ,266 
5/24/18 18:00,0.51 ,0.85 ,5.07 ,264 
5/24/18 19:00,0.43 ,0.70 ,5.05 ,257 
5/24/18 20:00,0.47 ,0.78 ,4.96 ,265 
5/24/18 21:00,0.44 ,0.73 ,4.90 ,269 
5/24/18 22:00,0.43 ,0.71 ,4.89 ,274 
5/24/18 23:00,0.36 ,0.60 ,4.92 ,268 
5/25/18 0:00,0.39 ,0.65 ,5.09 ,262 
5/25/18 1:00,0.42 ,0.69 ,4.86 ,255 
5/25/18 2:00,0.30 ,0.49 ,4.86 ,256 
5/25/18 3:00,0.35 ,0.58 ,4.88 ,250 
5/25/18 4:00,0.31 ,0.52 ,4.99 ,243 
5/25/18 5:00,0.25 ,0.41 ,4.90 ,236 
5/25/18 6:00,0.22 ,0.36 ,4.99 ,243 
5/25/18 7:00,0.18 ,0.30 ,4.78 ,242 
5/25/18 8:00,0.21 ,0.35 ,4.88 ,254 
5/25/18 9:00,0.28 ,0.46 ,4.79 ,257 
5/25/18 10:00,0.24 ,0.40 ,4.73 ,262 
5/25/18 11:00,0.23 ,0.38 ,4.85 ,266 
5/25/18 12:00,0.23 ,0.38 ,4.96 ,273 
5/25/18 13:00,0.20 ,0.33 ,5.03 ,271 
5/25/18 14:00,0.21 ,0.34 ,5.10 ,270 
5/25/18 15:00,0.18 ,0.29 ,5.02 ,274 
5/25/18 16:00,0.13 ,0.21 ,5.09 ,276 
5/25/18 17:00,0.23 ,0.37 ,5.35 ,247 
5/25/18 18:00,0.13 ,0.22 ,5.12 ,233 
5/25/18 19:00,0.15 ,0.25 ,4.80 ,240 
5/25/18 20:00,0.16 ,0.26 ,5.04 ,254 
5/25/18 21:00,0.26 ,0.43 ,5.83 ,296 
5/25/18 22:00,0.22 ,0.36 ,5.24 ,319 
5/25/18 23:00,0.23 ,0.38 ,5.21 ,315 
5/26/18 0:00,0.15 ,0.24 ,4.77 ,306 
5/26/18 1:00,0.11 ,0.17 ,4.62 ,264 
5/26/18 2:00,0.11 ,0.18 ,4.72 ,270 
5/26/18 3:00,0.08 ,0.13 ,4.79 ,264 
5/26/18 4:00,0.26 ,0.43 ,5.17 ,335 
5/26/18 5:00,0.20 ,0.33 ,5.66 ,320 
5/26/18 6:00,0.03 ,0.05 ,4.67 ,247 
5/26/18 7:00,0.03 ,0.04 ,4.90 ,247 
5/26/18 8:00,0.15 ,0.25 ,3.85 ,277 
5/26/18 9:00,0.29 ,0.48 ,5.22 ,271 
5/26/18 10:00,0.40 ,0.67 ,4.80 ,291 
5/26/18 11:00,0.24 ,0.40 ,4.38 ,324 
5/26/18 12:00,0.18 ,0.29 ,4.77 ,337 
5/26/18 13:00,0.21 ,0.34 ,6.03 ,337 
5/26/18 14:00,0.10 ,0.16 ,6.77 ,333 
5/26/18 15:00,0.04 ,0.07 ,5.20 ,307 
5/26/18 16:00,0.14 ,0.23 ,5.92 ,307 
5/26/18 17:00,0.04 ,0.07 ,6.01 ,301 
5/26/18 18:00,0.06 ,0.09 ,6.05 ,294 
5/26/18 19:00,0.12 ,0.20 ,5.36 ,337 
5/26/18 20:00,0.07 ,0.12 ,5.36 ,337 
5/26/18 21:00,0.18 ,0.29 ,4.98 ,337 
5/26/18 22:00,0.14 ,0.23 ,4.98 ,337 
5/26/18 23:00,0.11 ,0.18 ,4.66 ,313 
5/27/18 0:00,0.11 ,0.18 ,4.17 ,318 
5/27/18 1:00,0.14 ,0.22 ,5.73 ,247 
5/27/18 2:00,0.07 ,0.13 ,3.71 ,220 
5/27/18 3:00,0.11 ,0.17 ,4.45 ,221 
5/27/18 6:00,0.23 ,0.39 ,4.79 ,247 
5/27/18 7:00,0.23 ,0.39 ,4.79 ,247 
5/27/18 8:00,0.02 ,0.04 ,5.09 ,337 
5/27/18 9:00,0.02 ,0.03 ,5.09 ,337 
5/27/18 10:00,0.05 ,0.09 ,4.61 ,274 
5/27/18 11:00,0.16 ,0.27 ,4.30 ,307 
5/27/18 12:00,0.17 ,0.28 ,4.37 ,265 
5/27/18 13:00,0.15 ,0.26 ,4.16 ,246 
5/27/18 14:00,0.11 ,0.19 ,4.24 ,287 
5/27/18 15:00,0.19 ,0.32 ,4.26 ,260 
5/27/18 16:00,0.18 ,0.31 ,4.23 ,274 
5/27/18 17:00,0.19 ,0.31 ,4.70 ,260 
5/27/18 18:00,0.16 ,0.28 ,4.66 ,251 
5/27/18 19:00,0.19 ,0.33 ,4.66 ,290 
5/27/18 20:00,0.50 ,0.84 ,4.15 ,309 
5/27/18 21:00,0.38 ,0.62 ,4.30 ,312 
5/27/18 22:00,0.24 ,0.39 ,5.45 ,110 
5/27/18 23:00,0.07 ,0.12 ,4.41 ,50 
5/28/18 0:00,0.08 ,0.13 ,5.27 ,275 
5/28/18 1:00,0.23 ,0.38 ,5.34 ,247 
5/28/18 2:00,0.19 ,0.32 ,5.43 ,249 
5/28/18 3:00,0.28 ,0.47 ,4.20 ,290 
5/28/18 4:00,0.44 ,0.71 ,5.38 ,259 
5/28/18 5:00,0.36 ,0.60 ,5.82 ,238 
5/28/18 6:00,0.24 ,0.40 ,5.80 ,247 
5/28/18 7:00,0.33 ,0.55 ,5.29 ,214 
5/28/18 8:00,0.33 ,0.56 ,4.22 ,267 
5/28/18 9:00,0.24 ,0.40 ,4.71 ,313 
5/28/18 10:00,0.19 ,0.32 ,5.24 ,314 
5/28/18 11:00,0.18 ,0.29 ,6.83 ,217 
5/28/18 12:00,0.09 ,0.15 ,5.87 ,248 
5/28/18 13:00,0.07 ,0.12 ,5.73 ,262 
5/28/18 14:00,0.05 ,0.08 ,5.22 ,241 
5/28/18 15:00,0.13 ,0.21 ,5.37 ,263 
5/28/18 16:00,0.17 ,0.28 ,5.78 ,325 
5/28/18 17:00,0.14 ,0.23 ,8.00 ,247 
5/28/18 18:00,0.13 ,0.21 ,8.00 ,247 
5/28/18 20:00,0.10 ,0.18 ,3.75 ,337 
5/28/18 21:00,0.06 ,0.10 ,4.03 ,331 
5/28/18 22:00,0.02 ,0.04 ,5.07 ,307 
5/28/18 23:00,0.02 ,0.04 ,5.07 ,307 
5/29/18 0:00,0.14 ,0.24 ,4.42 ,247 
5/29/18 1:00,0.23 ,0.40 ,4.09 ,219 
5/29/18 2:00,0.28 ,0.45 ,5.00 ,239 
5/29/18 3:00,0.31 ,0.51 ,5.12 ,226 
5/29/18 4:00,0.23 ,0.38 ,5.31 ,218 
5/29/18 5:00,0.10 ,0.17 ,4.74 ,274 
5/29/18 7:00,0.14 ,0.22 ,5.91 ,203 
5/29/18 8:00,0.16 ,0.26 ,5.83 ,277 
5/29/18 9:00,0.21 ,0.36 ,4.17 ,227 
5/29/18 10:00,0.23 ,0.38 ,3.89 ,233 
5/29/18 11:00,0.08 ,0.14 ,4.93 ,307 
5/29/18 12:00,0.06 ,0.10 ,4.93 ,307 
5/29/18 13:00,0.04 ,0.07 ,4.66 ,237 
5/29/18 14:00,0.18 ,0.30 ,4.62 ,246 
5/29/18 15:00,0.11 ,0.18 ,4.98 ,278 
5/29/18 16:00,0.07 ,0.13 ,5.18 ,279 
5/29/18 17:00,0.08 ,0.14 ,4.91 ,274 
5/29/18 18:00,0.22 ,0.36 ,5.36 ,277 
5/29/18 19:00,0.13 ,0.20 ,5.19 ,277 
5/29/18 20:00,0.06 ,0.09 ,4.75 ,259 
5/29/18 21:00,0.07 ,0.11 ,4.65 ,267 
5/29/18 22:00,0.06 ,0.10 ,4.35 ,272 
5/29/18 23:00,0.07 ,0.12 ,4.64 ,261 
5/30/18 0:00,0.05 ,0.10 ,4.42 ,297 
5/30/18 1:00,0.08 ,0.15 ,4.18 ,294 
5/30/18 2:00,0.11 ,0.19 ,4.22 ,306 
5/30/18 3:00,0.06 ,0.11 ,4.84 ,297 
5/30/18 4:00,0.16 ,0.26 ,4.88 ,262 
5/30/18 5:00,0.26 ,0.42 ,5.55 ,269 
5/30/18 6:00,0.21 ,0.34 ,6.18 ,251 
5/30/18 7:00,0.20 ,0.32 ,5.62 ,33 
5/30/18 8:00,0.19 ,0.31 ,5.69 ,280 
5/30/18 9:00,0.14 ,0.23 ,4.54 ,282 
5/30/18 10:00,0.10 ,0.18 ,4.75 ,243 
5/30/18 11:00,0.13 ,0.22 ,4.36 ,268 
5/30/18 12:00,0.25 ,0.43 ,4.91 ,221 
5/30/18 16:00,0.02 ,0.04 ,8.27 ,307 
5/30/18 17:00,0.06 ,0.11 ,5.45 ,198 
5/30/18 18:00,0.18 ,0.30 ,4.81 ,280 
5/30/18 19:00,0.08 ,0.13 ,5.03 ,300 
5/30/18 20:00,0.32 ,0.53 ,5.18 ,182 
5/30/18 21:00,0.45 ,0.75 ,5.04 ,324 
5/30/18 22:00,0.23 ,0.39 ,4.52 ,285 
5/30/18 23:00,0.06 ,0.11 ,4.39 ,292 
5/31/18 0:00,0.06 ,0.10 ,4.90 ,266 
5/31/18 1:00,0.24 ,0.40 ,4.50 ,305 
5/31/18 2:00,0.31 ,0.51 ,4.28 ,315 
5/31/18 3:00,0.08 ,0.13 ,4.28 ,278 
5/31/18 4:00,0.06 ,0.11 ,3.73 ,277 
5/31/18 5:00,0.05 ,0.09 ,3.73 ,277 
5/31/18 6:00,0.03 ,0.05 ,4.40 ,320 
5/31/18 7:00,0.04 ,0.06 ,5.56 ,272 
5/31/18 8:00,0.07 ,0.11 ,5.03 ,295 
5/31/18 9:00,0.17 ,0.27 ,5.50 ,288 
5/31/18 10:00,0.09 ,0.15 ,5.85 ,307 
5/31/18 11:00,0.08 ,0.13 ,6.00 ,323 
5/31/18 12:00,0.10 ,0.16 ,4.86 ,340 
5/31/18 13:00,0.07 ,0.12 ,4.32 ,332 
5/31/18 14:00,0.14 ,0.24 ,4.10 ,308 
5/31/18 15:00,0.18 ,0.31 ,4.79 ,269 
5/31/18 16:00,0.29 ,0.49 ,5.02 ,246 
5/31/18 17:00,0.25 ,0.42 ,4.00 ,316 
5/31/18 18:00,0.17 ,0.29 ,4.41 ,307 
5/31/18 19:00,0.13 ,0.21 ,4.86 ,321 
5/31/18 20:00,0.41 ,0.69 ,4.41 ,324 
5/31/18 21:00,0.37 ,0.63 ,4.35 ,319 
5/31/18 22:00,0.14 ,0.22 ,4.80 ,287 
5/31/18 23:00,0.19 ,0.31 ,4.59 ,308 
6/1/18 0:00,0.27 ,0.45 ,4.71 ,298 
6/1/18 1:00,0.26 ,0.43 ,5.59 ,313 
6/1/18 2:00,0.31 ,0.50 ,5.87 ,322 
6/1/18 3:00,0.19 ,0.31 ,5.06 ,304 
6/1/18 4:00,0.29 ,0.48 ,5.00 ,307 
6/1/18 5:00,0.14 ,0.23 ,5.13 ,307 
6/1/18 6:00,0.11 ,0.17 ,6.37 ,283 
6/1/18 7:00,0.04 ,0.07 ,5.06 ,299 
6/1/18 8:00,0.31 ,0.51 ,4.59 ,235 
6/1/18 9:00,0.32 ,0.53 ,4.31 ,246 
6/1/18 10:00,0.18 ,0.31 ,4.59 ,307 
6/1/18 11:00,0.17 ,0.29 ,4.61 ,306 
6/1/18 12:00,0.13 ,0.21 ,4.94 ,296 
6/1/18 13:00,0.12 ,0.19 ,5.46 ,67 
6/1/18 14:00,0.23 ,0.38 ,5.26 ,6 
6/1/18 15:00,0.14 ,0.23 ,4.71 ,194 
6/1/18 16:00,0.21 ,0.34 ,5.77 ,237 
6/1/18 17:00,0.12 ,0.21 ,4.48 ,220 
6/1/18 18:00,0.14 ,0.23 ,3.54 ,235 
6/1/18 19:00,0.12 ,0.19 ,3.97 ,259 
6/1/18 20:00,0.13 ,0.22 ,5.22 ,288 
6/1/18 21:00,0.15 ,0.24 ,5.60 ,290 
6/1/18 22:00,0.22 ,0.37 ,4.77 ,255 
6/1/18 23:00,0.27 ,0.45 ,5.27 ,267 
6/2/18 0:00,0.33 ,0.55 ,4.72 ,302 
6/2/18 1:00,0.21 ,0.34 ,5.06 ,256 
6/2/18 2:00,0.07 ,0.12 ,3.89 ,306 
6/2/18 3:00,0.10 ,0.18 ,5.33 ,286 
6/2/18 4:00,0.19 ,0.31 ,5.96 ,288 
6/2/18 5:00,0.27 ,0.45 ,5.45 ,255 
6/2/18 6:00,0.29 ,0.47 ,5.07 ,241 
6/2/18 7:00,0.20 ,0.34 ,4.82 ,242 
6/2/18 8:00,0.29 ,0.48 ,5.66 ,85 
6/2/18 9:00,0.19 ,0.31 ,5.76 ,60 
6/2/18 10:00,0.19 ,0.32 ,4.91 ,228 
6/2/18 11:00,0.28 ,0.46 ,6.48 ,217 
6/2/18 12:00,0.07 ,0.10 ,6.16 ,289 
6/2/18 13:00,0.04 ,0.07 ,7.77 ,291 
6/2/18 14:00,0.14 ,0.23 ,6.78 ,235 
6/2/18 15:00,0.19 ,0.32 ,4.42 ,268 
6/2/18 16:00,0.18 ,0.30 ,3.48 ,307 
6/2/18 17:00,0.12 ,0.20 ,3.30 ,217 
6/2/18 18:00,0.14 ,0.23 ,5.94 ,276 
6/2/18 19:00,0.17 ,0.28 ,5.62 ,260 
6/2/18 20:00,0.19 ,0.32 ,5.75 ,320 
6/2/18 21:00,0.24 ,0.40 ,5.17 ,301 
6/2/18 22:00,0.30 ,0.50 ,4.68 ,119 
6/2/18 23:00,0.21 ,0.35 ,4.67 ,193 
6/3/18 0:00,0.41 ,0.67 ,5.28 ,324 
6/3/18 1:00,0.29 ,0.47 ,7.22 ,338 
6/3/18 2:00,0.01 ,0.02 ,4.36 ,217 
6/3/18 3:00,0.09 ,0.15 ,4.40 ,224 
6/3/18 4:00,0.20 ,0.34 ,4.40 ,236 
6/3/18 5:00,0.07 ,0.10 ,7.34 ,304 
6/3/18 6:00,0.07 ,0.11 ,6.28 ,268 
6/3/18 7:00,0.07 ,0.12 ,5.37 ,268 
6/3/18 8:00,0.02 ,0.03 ,3.78 ,277 
6/3/18 9:00,0.02 ,0.03 ,4.63 ,277 
6/3/18 10:00,0.18 ,0.30 ,4.97 ,63 
6/3/18 11:00,0.26 ,0.43 ,4.13 ,280 
6/3/18 12:00,0.20 ,0.31 ,7.30 ,324 
6/3/18 13:00,0.17 ,0.27 ,7.32 ,232 
6/3/18 14:00,0.20 ,0.32 ,6.29 ,171 
6/3/18 15:00,0.16 ,0.26 ,4.95 ,123 
6/3/18 16:00,0.11 ,0.18 ,4.78 ,4 
6/3/18 17:00,0.05 ,0.09 ,4.90 ,144 
6/3/18 18:00,0.08 ,0.13 ,4.96 ,223 
6/3/18 19:00,0.10 ,0.16 ,5.16 ,221 
6/3/18 20:00,0.15 ,0.25 ,5.59 ,230 
6/3/18 21:00,0.28 ,0.46 ,4.80 ,268 
6/3/18 22:00,0.22 ,0.36 ,4.57 ,262 
6/3/18 23:00,0.17 ,0.28 ,4.68 ,146 
6/4/18 0:00,0.14 ,0.24 ,6.89 ,276 
6/4/18 1:00,0.03 ,0.06 ,4.76 ,247 
6/4/18 2:00,0.09 ,0.14 ,5.12 ,171 
6/4/18 3:00,0.12 ,0.19 ,5.66 ,112 
6/4/18 4:00,0.19 ,0.31 ,5.86 ,217 
6/4/18 5:00,0.04 ,0.07 ,5.17 ,277 
6/4/18 6:00,0.03 ,0.05 ,5.13 ,127 
6/4/18 7:00,0.16 ,0.26 ,6.11 ,162 
6/4/18 8:00,0.24 ,0.39 ,5.14 ,236 
6/4/18 9:00,0.05 ,0.08 ,5.18 ,291 
6/4/18 10:00,0.06 ,0.11 ,5.54 ,294 
6/4/18 11:00,0.04 ,0.07 ,5.49 ,314 
6/4/18 12:00,0.12 ,0.20 ,4.88 ,265 
6/4/18 13:00,0.12 ,0.21 ,4.30 ,237 
6/4/18 14:00,0.15 ,0.26 ,4.13 ,219 
6/4/18 15:00,0.12 ,0.20 ,5.53 ,227 
6/4/18 16:00,0.06 ,0.11 ,5.32 ,236 
6/4/18 17:00,0.09 ,0.15 ,4.84 ,272 
6/4/18 18:00,0.14 ,0.23 ,4.52 ,307 
6/4/18 19:00,0.04 ,0.07 ,5.97 ,304 
6/4/18 20:00,0.04 ,0.06 ,5.28 ,246 
6/4/18 21:00,0.07 ,0.11 ,5.54 ,294 
6/4/18 22:00,0.12 ,0.20 ,5.38 ,298 
6/4/18 23:00,0.21 ,0.34 ,5.23 ,279 
6/5/18 0:00,0.15 ,0.25 ,5.12 ,205 
6/5/18 1:00,0.04 ,0.07 ,4.12 ,7 
6/5/18 2:00,0.04 ,0.07 ,4.43 ,281 
6/5/18 3:00,0.18 ,0.31 ,4.30 ,251 
6/5/18 4:00,0.16 ,0.27 ,5.01 ,306 
6/5/18 5:00,0.03 ,0.05 ,4.48 ,323 
6/5/18 6:00,0.02 ,0.03 ,5.26 ,335 
6/5/18 7:00,0.04 ,0.06 ,4.88 ,308 
6/5/18 8:00,0.09 ,0.15 ,4.76 ,252 
6/5/18 9:00,0.07 ,0.11 ,5.23 ,264 
6/5/18 10:00,0.06 ,0.10 ,4.58 ,260 
6/5/18 11:00,0.04 ,0.06 ,4.62 ,275 
6/5/18 12:00,0.02 ,0.03 ,4.82 ,62 
6/5/18 13:00,0.05 ,0.08 ,5.49 ,263 
6/5/18 14:00,0.13 ,0.21 ,6.76 ,247 
6/5/18 15:00,0.12 ,0.20 ,4.77 ,245 
6/5/18 16:00,0.27 ,0.45 ,5.22 ,319 
6/5/18 17:00,0.23 ,0.38 ,4.96 ,252 
6/5/18 18:00,0.15 ,0.25 ,5.22 ,238 
6/5/18 19:00,0.13 ,0.21 ,6.46 ,246 
6/5/18 20:00,0.04 ,0.07 ,5.00 ,204 
6/5/18 21:00,0.03 ,0.04 ,4.79 ,7 
6/5/18 22:00,0.06 ,0.09 ,4.77 ,306 
6/5/18 23:00,0.10 ,0.16 ,3.45 ,282 
6/6/18 0:00,0.07 ,0.11 ,4.10 ,277 
6/6/18 1:00,0.06 ,0.10 ,5.10 ,277 
6/6/18 2:00,0.25 ,0.39 ,7.74 ,224 
6/6/18 3:00,0.20 ,0.32 ,7.99 ,218 
6/6/18 4:00,0.09 ,0.13 ,5.75 ,245 
6/6/18 6:00,0.14 ,0.22 ,6.90 ,298 
6/6/18 7:00,0.39 ,0.64 ,5.17 ,292 
6/6/18 8:00,0.30 ,0.50 ,5.37 ,299 
6/6/18 9:00,0.33 ,0.55 ,5.66 ,251 
6/6/18 10:00,0.37 ,0.62 ,5.27 ,262 
6/6/18 11:00,0.11 ,0.19 ,5.04 ,244 
6/6/18 12:00,0.11 ,0.18 ,4.81 ,252 
6/6/18 13:00,0.12 ,0.21 ,4.92 ,247 
6/6/18 14:00,0.08 ,0.14 ,5.07 ,253 
6/6/18 15:00,0.08 ,0.12 ,5.36 ,285 
6/6/18 16:00,0.12 ,0.19 ,4.91 ,315 
6/6/18 17:00,0.13 ,0.21 ,3.86 ,289 
6/6/18 18:00,0.09 ,0.15 ,4.63 ,253 
6/6/18 19:00,0.11 ,0.18 ,4.69 ,262 
6/6/18 20:00,0.08 ,0.14 ,4.88 ,267 
6/6/18 21:00,0.17 ,0.28 ,5.12 ,276 
6/6/18 22:00,0.16 ,0.27 ,5.05 ,286 
6/6/18 23:00,0.10 ,0.16 ,5.04 ,273 
6/7/18 0:00,0.11 ,0.19 ,4.51 ,276 
6/7/18 1:00,0.16 ,0.26 ,5.19 ,274 
6/7/18 2:00,0.20 ,0.33 ,5.41 ,262 
6/7/18 3:00,0.25 ,0.42 ,5.25 ,274 
6/7/18 4:00,0.11 ,0.19 ,5.47 ,308 
6/7/18 5:00,0.22 ,0.37 ,4.37 ,190 
6/7/18 6:00,0.25 ,0.41 ,4.44 ,6 
6/7/18 7:00,0.03 ,0.05 ,4.14 ,307 
6/7/18 8:00,0.03 ,0.05 ,4.14 ,307 
6/7/18 12:00,0.12 ,0.20 ,4.89 ,263 
6/7/18 13:00,0.13 ,0.22 ,5.20 ,271 
6/7/18 14:00,0.14 ,0.23 ,5.09 ,260 
6/7/18 15:00,0.15 ,0.24 ,4.84 ,251 
6/7/18 16:00,0.20 ,0.33 ,4.74 ,252 
6/7/18 17:00,0.22 ,0.36 ,4.67 ,306 
6/7/18 18:00,0.14 ,0.24 ,4.40 ,282 
6/7/18 19:00,0.14 ,0.23 ,4.63 ,265 
6/7/18 20:00,0.24 ,0.40 ,5.12 ,310 
6/7/18 21:00,0.20 ,0.31 ,7.25 ,334 
6/7/18 22:00,0.18 ,0.28 ,7.54 ,317 
6/7/18 23:00,0.11 ,0.18 ,4.69 ,263 
6/8/18 0:00,0.07 ,0.11 ,4.97 ,280 
6/8/18 1:00,0.24 ,0.40 ,5.19 ,278 
6/8/18 2:00,0.20 ,0.33 ,5.51 ,307 
6/8/18 3:00,0.16 ,0.26 ,5.51 ,307 
6/8/18 4:00,0.03 ,0.04 ,4.65 ,275 
6/8/18 5:00,0.04 ,0.07 ,4.76 ,269 
6/8/18 6:00,0.07 ,0.11 ,5.18 ,207 
6/8/18 7:00,0.13 ,0.22 ,6.29 ,7 
6/8/18 8:00,0.14 ,0.23 ,6.43 ,116 
6/8/18 9:00,0.30 ,0.50 ,5.51 ,236 
6/8/18 10:00,0.09 ,0.15 ,5.01 ,290 
6/8/18 11:00,0.07 ,0.11 ,4.80 ,260 
6/8/18 12:00,0.08 ,0.13 ,5.29 ,279 
6/8/18 13:00,0.16 ,0.26 ,5.59 ,238 
6/8/18 14:00,0.21 ,0.35 ,5.25 ,222 
6/8/18 15:00,0.25 ,0.42 ,4.88 ,270 
6/8/18 16:00,0.33 ,0.55 ,4.91 ,312 
6/8/18 17:00,0.16 ,0.25 ,5.56 ,79 
6/8/18 18:00,0.17 ,0.27 ,5.73 ,218 
6/8/18 19:00,0.11 ,0.18 ,5.58 ,228 
6/8/18 20:00,0.06 ,0.10 ,5.32 ,277 
6/8/18 21:00,0.05 ,0.08 ,5.01 ,294 
6/8/18 22:00,0.05 ,0.10 ,4.73 ,337 
6/8/18 23:00,0.05 ,0.07 ,4.90 ,337 
6/9/18 0:00,0.28 ,0.43 ,14.67 ,7 
6/9/18 1:00,0.14 ,0.22 ,13.56 ,42 
6/9/18 2:00,0.05 ,0.07 ,6.28 ,296 
6/9/18 3:00,0.12 ,0.20 ,5.47 ,277 
6/9/18 4:00,0.19 ,0.32 ,5.45 ,217 
6/9/18 5:00,0.04 ,0.06 ,4.79 ,285 
6/9/18 6:00,0.04 ,0.07 ,4.24 ,287 
6/9/18 7:00,0.03 ,0.05 ,4.73 ,258 
6/9/18 8:00,0.03 ,0.06 ,5.09 ,204 
6/9/18 9:00,0.03 ,0.05 ,4.61 ,217 
6/9/18 10:00,0.04 ,0.07 ,5.10 ,253 
6/9/18 11:00,0.13 ,0.20 ,5.99 ,254 
6/9/18 12:00,0.11 ,0.19 ,5.45 ,282 
6/9/18 13:00,0.25 ,0.43 ,4.56 ,259 
6/9/18 14:00,0.41 ,0.68 ,5.18 ,293 
6/9/18 16:00,0.21 ,0.35 ,4.64 ,103 
6/9/18 17:00,0.24 ,0.40 ,4.15 ,337 
6/9/18 18:00,0.24 ,0.41 ,4.27 ,334 
6/9/18 19:00,0.24 ,0.40 ,4.31 ,332 
6/9/18 20:00,0.04 ,0.05 ,17.31 ,125 
6/9/18 21:00,0.06 ,0.08 ,27.64 ,282 
6/9/18 22:00,0.14 ,0.24 ,4.29 ,71 
6/9/18 23:00,0.13 ,0.22 ,4.12 ,23 
6/10/18 1:00,0.03 ,0.05 ,4.98 ,285 
6/10/18 2:00,0.16 ,0.27 ,5.66 ,305 
6/10/18 3:00,0.14 ,0.24 ,6.13 ,324 
6/10/18 4:00,0.04 ,0.07 ,6.11 ,329 
6/10/18 5:00,0.24 ,0.38 ,6.50 ,169 
6/10/18 6:00,0.28 ,0.44 ,7.52 ,346 
6/10/18 7:00,0.07 ,0.11 ,5.95 ,300 
6/10/18 8:00,0.03 ,0.05 ,5.37 ,310 
6/10/18 9:00,0.06 ,0.10 ,4.04 ,7 
6/10/18 10:00,0.04 ,0.07 ,3.97 ,7 
6/10/18 11:00,0.03 ,0.05 ,4.94 ,236 
6/10/18 12:00,0.03 ,0.05 ,4.75 ,273 
6/10/18 13:00,0.17 ,0.28 ,4.27 ,153 
6/10/18 14:00,0.12 ,0.20 ,3.96 ,237 
6/10/18 15:00,0.11 ,0.18 ,4.84 ,324 
6/10/18 16:00,0.08 ,0.13 ,11.95 ,332 
6/10/18 17:00,0.07 ,0.11 ,4.72 ,271 
6/10/18 18:00,0.14 ,0.24 ,4.67 ,279 
6/10/18 19:00,0.07 ,0.10 ,6.46 ,255 
6/10/18 20:00,0.15 ,0.25 ,7.28 ,306 
6/10/18 21:00,0.16 ,0.27 ,5.35 ,190 
6/10/18 22:00,0.22 ,0.36 ,5.98 ,268 
6/10/18 23:00,0.17 ,0.29 ,4.80 ,273 
6/11/18 0:00,0.15 ,0.25 ,5.00 ,283 
6/11/18 1:00,0.15 ,0.25 ,4.56 ,301 
6/11/18 2:00,0.10 ,0.17 ,5.72 ,227 
6/11/18 3:00,0.09 ,0.15 ,5.71 ,228 
6/11/18 4:00,0.13 ,0.21 ,4.93 ,304 
6/11/18 5:00,0.19 ,0.30 ,4.75 ,331 
6/11/18 6:00,0.08 ,0.14 ,5.19 ,267 
6/11/18 7:00,0.06 ,0.09 ,4.76 ,269 
6/11/18 8:00,0.23 ,0.38 ,5.57 ,48 
6/11/18 9:00,0.23 ,0.37 ,5.79 ,4 
6/11/18 10:00,0.15 ,0.24 ,5.24 ,181 
6/11/18 11:00,0.20 ,0.33 ,4.33 ,287 
6/11/18 12:00,0.19 ,0.31 ,4.65 ,233 
6/11/18 13:00,0.14 ,0.23 ,5.68 ,253 
6/11/18 14:00,0.12 ,0.18 ,6.59 ,282 
6/11/18 15:00,0.09 ,0.14 ,5.88 ,297 
6/11/18 16:00,0.10 ,0.17 ,4.60 ,321 
6/11/18 17:00,0.13 ,0.21 ,4.18 ,328 
6/11/18 18:00,0.15 ,0.24 ,5.34 ,295 
6/11/18 19:00,0.16 ,0.26 ,5.69 ,299 
6/11/18 20:00,0.14 ,0.22 ,4.55 ,322 
6/11/18 21:00,0.09 ,0.16 ,4.49 ,308 
6/11/18 22:00,0.17 ,0.28 ,5.00 ,312 
6/11/18 23:00,0.17 ,0.28 ,4.12 ,335 
6/12/18 0:00,0.03 ,0.05 ,5.63 ,30 
6/12/18 1:00,0.15 ,0.25 ,6.01 ,292 
6/12/18 2:00,0.25 ,0.40 ,5.48 ,335 
6/12/18 3:00,0.09 ,0.15 ,6.00 ,316 
6/12/18 4:00,0.10 ,0.15 ,6.72 ,235 
6/12/18 5:00,0.13 ,0.22 ,5.35 ,316 
6/12/18 6:00,0.12 ,0.19 ,4.63 ,337 
6/12/18 7:00,0.05 ,0.08 ,4.13 ,171 
6/12/18 8:00,0.03 ,0.06 ,4.47 ,217 
6/12/18 9:00,0.16 ,0.27 ,6.35 ,252 
6/12/18 10:00,0.14 ,0.22 ,7.79 ,73 
6/12/18 11:00,0.05 ,0.09 ,8.53 ,7 
6/12/18 12:00,0.19 ,0.30 ,7.47 ,292 
6/12/18 13:00,0.25 ,0.41 ,5.23 ,303 
6/12/18 14:00,0.23 ,0.38 ,5.46 ,279 
6/12/18 15:00,0.18 ,0.30 ,5.01 ,210 
6/12/18 16:00,0.28 ,0.47 ,4.58 ,251 
6/12/18 17:00,0.24 ,0.40 ,5.06 ,257 
6/12/18 18:00,0.21 ,0.35 ,5.61 ,275 
6/12/18 19:00,0.03 ,0.05 ,5.68 ,307 
6/12/18 20:00,0.13 ,0.20 ,5.69 ,291 
6/12/18 21:00,0.24 ,0.39 ,5.37 ,299 
6/12/18 22:00,0.25 ,0.43 ,5.03 ,307 
6/12/18 23:00,0.24 ,0.40 ,5.25 ,313 
6/13/18 0:00,0.13 ,0.22 ,6.10 ,337 
6/13/18 1:00,0.08 ,0.13 ,5.03 ,338 
6/13/18 2:00,0.08 ,0.14 ,5.17 ,283 
6/13/18 3:00,0.14 ,0.23 ,5.46 ,247 
6/13/18 4:00,0.12 ,0.19 ,5.80 ,231 
6/13/18 5:00,0.03 ,0.05 ,5.83 ,71 
6/13/18 6:00,0.04 ,0.06 ,7.09 ,201 
6/13/18 7:00,0.03 ,0.05 ,8.01 ,217 
6/13/18 8:00,0.09 ,0.16 ,4.67 ,144 
6/13/18 9:00,0.47 ,0.79 ,3.90 ,245 
6/13/18 10:00,0.31 ,0.53 ,4.23 ,265 
6/13/18 11:00,0.09 ,0.15 ,6.14 ,319 
6/13/18 12:00,0.09 ,0.16 ,6.11 ,285 
6/13/18 13:00,0.08 ,0.12 ,6.26 ,249 
6/13/18 14:00,0.10 ,0.17 ,6.14 ,223 
6/13/18 15:00,0.13 ,0.21 ,5.06 ,239 
6/13/18 16:00,0.14 ,0.23 ,4.95 ,240 
6/13/18 17:00,0.25 ,0.43 ,4.87 ,225 
6/13/18 18:00,0.30 ,0.49 ,5.07 ,230 
6/13/18 19:00,0.30 ,0.49 ,5.61 ,229 
6/13/18 20:00,0.34 ,0.56 ,5.12 ,247 
6/13/18 21:00,0.26 ,0.43 ,4.93 ,260 
6/13/18 22:00,0.25 ,0.42 ,5.74 ,242 
6/13/18 23:00,0.34 ,0.57 ,5.31 ,244 
6/14/18 0:00,0.39 ,0.64 ,5.36 ,243 
6/14/18 1:00,0.28 ,0.46 ,5.41 ,249 
6/14/18 2:00,0.34 ,0.57 ,5.35 ,248 
6/14/18 3:00,0.29 ,0.47 ,5.40 ,250 
6/14/18 4:00,0.36 ,0.59 ,5.47 ,236 
6/14/18 5:00,0.54 ,0.88 ,5.66 ,231 
6/14/18 6:00,0.53 ,0.87 ,5.90 ,228 
6/14/18 7:00,0.39 ,0.64 ,6.03 ,223 
6/14/18 8:00,0.33 ,0.54 ,6.04 ,236 
6/14/18 9:00,0.28 ,0.46 ,5.39 ,250 
6/14/18 10:00,0.26 ,0.43 ,5.54 ,237 
6/14/18 11:00,0.22 ,0.36 ,6.01 ,241 
6/14/18 12:00,0.23 ,0.38 ,5.46 ,302 
6/14/18 13:00,0.34 ,0.56 ,5.50 ,249 
6/14/18 14:00,0.44 ,0.72 ,5.77 ,231 
6/14/18 15:00,0.45 ,0.74 ,5.71 ,232 
6/14/18 16:00,0.32 ,0.52 ,5.70 ,233 
6/14/18 17:00,0.20 ,0.33 ,5.30 ,217 
6/14/18 18:00,0.25 ,0.42 ,5.74 ,218 
6/14/18 19:00,0.23 ,0.38 ,5.15 ,124 
6/14/18 20:00,0.13 ,0.22 ,4.54 ,1 
6/14/18 21:00,0.08 ,0.13 ,5.82 ,208 
6/14/18 22:00,0.13 ,0.20 ,6.64 ,273 
6/14/18 23:00,0.23 ,0.37 ,6.62 ,267 
6/15/18 0:00,0.23 ,0.37 ,5.45 ,231 
6/15/18 1:00,0.24 ,0.39 ,5.47 ,233 
6/15/18 2:00,0.33 ,0.54 ,5.32 ,244 
6/15/18 3:00,0.40 ,0.67 ,5.63 ,243 
6/15/18 4:00,0.39 ,0.65 ,5.51 ,228 
6/15/18 5:00,0.27 ,0.45 ,5.54 ,219 
6/15/18 6:00,0.26 ,0.42 ,5.45 ,218 
6/15/18 7:00,0.19 ,0.31 ,5.33 ,218 
6/15/18 8:00,0.16 ,0.27 ,6.00 ,231 
6/15/18 9:00,0.18 ,0.29 ,4.99 ,253 
6/15/18 10:00,0.17 ,0.29 ,4.62 ,128 
6/15/18 11:00,0.21 ,0.35 ,4.87 ,75 
6/15/18 12:00,0.24 ,0.39 ,5.29 ,230 
6/15/18 13:00,0.26 ,0.42 ,5.36 ,259 
6/15/18 14:00,0.21 ,0.35 ,5.24 ,258 
6/15/18 15:00,0.17 ,0.29 ,5.28 ,259 
6/15/18 16:00,0.20 ,0.33 ,4.33 ,273 
6/15/18 17:00,0.12 ,0.20 ,5.61 ,256 
6/15/18 18:00,0.06 ,0.10 ,6.18 ,247 
6/15/18 19:00,0.15 ,0.25 ,6.27 ,7 
6/15/18 20:00,0.12 ,0.19 ,6.29 ,5 
6/15/18 21:00,0.11 ,0.19 ,6.05 ,159 
6/15/18 22:00,0.15 ,0.25 ,5.08 ,249 
6/15/18 23:00,0.14 ,0.22 ,4.55 ,247 
6/16/18 0:00,0.10 ,0.16 ,5.73 ,241 
6/16/18 1:00,0.09 ,0.15 ,5.54 ,241 
6/16/18 2:00,0.06 ,0.09 ,5.68 ,222 
6/16/18 3:00,0.10 ,0.17 ,4.81 ,249 
6/16/18 4:00,0.07 ,0.12 ,4.87 ,249 
6/16/18 5:00,0.08 ,0.14 ,4.96 ,249 
6/16/18 6:00,0.10 ,0.16 ,5.43 ,261 
6/16/18 7:00,0.13 ,0.21 ,4.43 ,94 
6/16/18 8:00,0.12 ,0.20 ,4.19 ,60 
6/16/18 9:00,0.05 ,0.07 ,5.81 ,254 
6/16/18 10:00,0.06 ,0.10 ,5.73 ,268 
6/16/18 11:00,0.06 ,0.10 ,5.31 ,304 
6/16/18 12:00,0.04 ,0.07 ,4.74 ,7 
6/16/18 13:00,0.06 ,0.09 ,4.67 ,178 
6/16/18 14:00,0.31 ,0.50 ,5.11 ,306 
6/16/18 15:00,0.26 ,0.43 ,5.24 ,296 
6/16/18 16:00,0.09 ,0.16 ,5.40 ,288 
6/16/18 17:00,0.07 ,0.12 ,5.54 ,253 
6/16/18 18:00,0.04 ,0.07 ,5.19 ,241 
6/16/18 19:00,0.08 ,0.13 ,4.74 ,237 
6/16/18 20:00,0.15 ,0.26 ,4.69 ,277 
6/16/18 21:00,0.08 ,0.13 ,6.32 ,7 
6/16/18 22:00,0.08 ,0.14 ,6.47 ,76 
6/16/18 23:00,0.27 ,0.44 ,5.61 ,279 
6/17/18 0:00,0.24 ,0.39 ,6.29 ,227 
6/17/18 1:00,0.20 ,0.34 ,5.42 ,218 
6/17/18 2:00,0.24 ,0.40 ,5.17 ,227 
6/17/18 3:00,0.22 ,0.35 ,5.93 ,237 
6/17/18 4:00,0.21 ,0.34 ,5.38 ,284 
6/17/18 5:00,0.29 ,0.47 ,5.17 ,299 
6/17/18 6:00,0.22 ,0.38 ,4.36 ,234 
6/17/18 7:00,0.19 ,0.31 ,4.24 ,226 
6/17/18 8:00,0.20 ,0.33 ,5.07 ,302 
6/17/18 9:00,0.13 ,0.21 ,5.93 ,260 
6/17/18 10:00,0.08 ,0.12 ,6.12 ,246 
6/17/18 11:00,0.08 ,0.13 ,4.96 ,277 
6/17/18 12:00,0.22 ,0.36 ,4.63 ,298 
6/17/18 13:00,0.20 ,0.34 ,4.53 ,300 
6/17/18 14:00,0.19 ,0.33 ,4.28 ,307 
6/17/18 15:00,0.15 ,0.25 ,5.49 ,253 
6/17/18 16:00,0.17 ,0.27 ,5.54 ,247 
6/17/18 17:00,0.13 ,0.22 ,4.96 ,297 
6/17/18 18:00,0.24 ,0.39 ,4.63 ,306 
6/17/18 19:00,0.13 ,0.22 ,6.36 ,242 
6/17/18 20:00,0.26 ,0.42 ,5.61 ,241 
6/17/18 21:00,0.28 ,0.46 ,5.21 ,293 
6/17/18 22:00,0.28 ,0.46 ,4.66 ,301 
6/17/18 23:00,0.29 ,0.48 ,4.40 ,298 
6/18/18 0:00,0.32 ,0.54 ,4.61 ,335 
6/18/18 1:00,0.27 ,0.44 ,4.81 ,316 
6/18/18 2:00,0.16 ,0.26 ,4.64 ,307 
6/18/18 3:00,0.07 ,0.12 ,4.57 ,307 
6/18/18 4:00,0.13 ,0.21 ,5.73 ,316 
6/18/18 5:00,0.25 ,0.42 ,4.85 ,179 
6/18/18 6:00,0.28 ,0.48 ,4.27 ,351 
6/18/18 7:00,0.12 ,0.19 ,5.79 ,264 
6/18/18 8:00,0.09 ,0.15 ,6.32 ,277 
6/18/18 9:00,0.06 ,0.10 ,7.07 ,232 
6/18/18 10:00,0.09 ,0.14 ,5.61 ,283 
6/18/18 11:00,0.17 ,0.28 ,4.47 ,307 
6/18/18 12:00,0.13 ,0.22 ,5.04 ,287 
6/18/18 13:00,0.16 ,0.26 ,5.62 ,168 
6/18/18 14:00,0.30 ,0.48 ,5.53 ,201 
6/18/18 15:00,0.25 ,0.42 ,4.63 ,270 
6/18/18 16:00,0.18 ,0.29 ,5.20 ,307 
6/18/18 17:00,0.11 ,0.18 ,4.70 ,337 
6/18/18 18:00,0.11 ,0.18 ,4.70 ,337 
6/18/18 19:00,0.09 ,0.14 ,4.23 ,337 
6/18/18 20:00,0.15 ,0.26 ,3.48 ,330 
6/18/18 21:00,0.24 ,0.40 ,5.11 ,229 
6/18/18 22:00,0.16 ,0.26 ,7.50 ,240 
6/18/18 23:00,0.13 ,0.22 ,6.70 ,229 
6/19/18 0:00,0.17 ,0.29 ,4.51 ,231 
6/19/18 1:00,0.16 ,0.26 ,4.51 ,290 
6/19/18 2:00,0.33 ,0.55 ,4.30 ,240 
6/19/18 3:00,0.29 ,0.48 ,4.61 ,254 
6/19/18 4:00,0.10 ,0.17 ,4.74 ,224 
6/19/18 5:00,0.02 ,0.03 ,5.14 ,170 
6/19/18 6:00,0.22 ,0.37 ,4.35 ,264 
6/19/18 7:00,0.09 ,0.15 ,4.48 ,217 
6/19/18 8:00,0.09 ,0.16 ,4.58 ,232 
6/19/18 9:00,0.28 ,0.47 ,4.48 ,241 
6/19/18 10:00,0.22 ,0.37 ,4.35 ,219 
6/19/18 11:00,0.17 ,0.28 ,5.30 ,223 
6/19/18 12:00,0.14 ,0.22 ,5.81 ,225 
6/19/18 13:00,0.08 ,0.13 ,6.01 ,235 
6/19/18 14:00,0.06 ,0.09 ,6.26 ,248 
6/19/18 15:00,0.07 ,0.11 ,5.84 ,252 
6/19/18 16:00,0.08 ,0.14 ,4.57 ,191 
6/19/18 17:00,0.14 ,0.23 ,5.39 ,275 
6/19/18 18:00,0.20 ,0.33 ,6.47 ,283 
6/19/18 19:00,0.19 ,0.32 ,4.48 ,266 
6/19/18 20:00,0.16 ,0.27 ,4.36 ,300 
6/19/18 22:00,0.13 ,0.21 ,5.72 ,217 
6/19/18 23:00,0.15 ,0.26 ,5.45 ,230 
6/20/18 0:00,0.15 ,0.24 ,7.70 ,7 
6/20/18 1:00,0.17 ,0.27 ,8.18 ,143 
6/20/18 2:00,0.19 ,0.30 ,8.93 ,270 
6/20/18 3:00,0.16 ,0.26 ,4.93 ,312 
6/20/18 4:00,0.14 ,0.23 ,5.40 ,246 
6/20/18 5:00,0.16 ,0.27 ,6.06 ,238 
6/20/18 6:00,0.21 ,0.35 ,6.04 ,273 
6/20/18 7:00,0.17 ,0.28 ,4.46 ,277 
6/20/18 8:00,0.13 ,0.21 ,4.61 ,246 
6/20/18 9:00,0.20 ,0.33 ,5.58 ,277 
6/20/18 10:00,0.16 ,0.26 ,7.09 ,265 
6/20/18 11:00,0.02 ,0.04 ,4.04 ,261 
6/20/18 12:00,0.05 ,0.08 ,4.69 ,284 
6/20/18 13:00,0.05 ,0.08 ,5.32 ,287 
6/20/18 14:00,0.08 ,0.14 ,4.09 ,233 
6/20/18 15:00,0.09 ,0.14 ,4.52 ,225 
6/20/18 16:00,0.03 ,0.04 ,5.38 ,277 
6/20/18 17:00,0.03 ,0.06 ,5.26 ,265 
6/20/18 18:00,0.13 ,0.23 ,4.25 ,281 
6/20/18 19:00,0.22 ,0.37 ,4.02 ,303 
6/20/18 20:00,0.13 ,0.21 ,4.83 ,307 
6/20/18 21:00,0.17 ,0.28 ,4.97 ,274 
6/20/18 22:00,0.21 ,0.35 ,5.20 ,271 
6/20/18 23:00,0.27 ,0.45 ,5.19 ,279 
6/21/18 1:00,0.15 ,0.24 ,4.22 ,74 
6/21/18 2:00,0.19 ,0.32 ,4.30 ,323 
6/21/18 3:00,0.25 ,0.42 ,5.04 ,70 
6/21/18 4:00,0.26 ,0.42 ,5.53 ,331 
6/21/18 5:00,0.14 ,0.23 ,5.00 ,261 
6/21/18 6:00,0.03 ,0.05 ,4.82 ,7 
6/21/18 7:00,0.02 ,0.03 ,6.22 ,257 
6/21/18 8:00,0.03 ,0.05 ,6.08 ,310 
6/21/18 9:00,0.05 ,0.08 ,9.11 ,337 
6/21/18 10:00,0.15 ,0.24 ,5.92 ,281 
6/21/18 11:00,0.22 ,0.36 ,4.89 ,258 
6/21/18 12:00,0.22 ,0.36 ,4.83 ,255 
6/21/18 13:00,0.16 ,0.27 ,4.38 ,287 
6/21/18 14:00,0.03 ,0.06 ,4.40 ,271 
6/21/18 15:00,0.04 ,0.07 ,5.25 ,260 
6/21/18 16:00,0.06 ,0.10 ,5.05 ,326 
6/21/18 17:00,0.12 ,0.20 ,4.56 ,295 
6/21/18 18:00,0.16 ,0.27 ,4.42 ,250 
6/21/18 19:00,0.07 ,0.12 ,5.06 ,307 
6/21/18 20:00,0.07 ,0.13 ,5.51 ,322 
6/21/18 21:00,0.09 ,0.15 ,5.33 ,289 
6/21/18 22:00,0.16 ,0.26 ,5.44 ,256 
6/21/18 23:00,0.13 ,0.21 ,6.50 ,302 
6/22/18 0:00,0.15 ,0.24 ,6.89 ,232 
6/22/18 1:00,0.10 ,0.16 ,6.28 ,228 
6/22/18 2:00,0.13 ,0.22 ,5.99 ,231 
6/22/18 3:00,0.14 ,0.23 ,6.11 ,233 
6/22/18 4:00,0.15 ,0.26 ,4.29 ,255 
6/22/18 5:00,0.19 ,0.31 ,5.28 ,233 
6/22/18 6:00,0.18 ,0.30 ,6.04 ,223 
6/22/18 7:00,0.15 ,0.25 ,6.17 ,224 
6/22/18 8:00,0.11 ,0.19 ,6.18 ,221 
6/22/18 9:00,0.13 ,0.20 ,6.34 ,220 
6/22/18 10:00,0.11 ,0.19 ,5.80 ,232 
6/22/18 11:00,0.09 ,0.15 ,5.78 ,243 
6/22/18 12:00,0.08 ,0.14 ,5.98 ,289 
6/22/18 13:00,0.10 ,0.15 ,7.04 ,237 
6/22/18 14:00,0.31 ,0.51 ,6.41 ,223 
6/22/18 15:00,0.25 ,0.41 ,5.85 ,245 
6/22/18 16:00,0.21 ,0.35 ,5.21 ,312 
6/22/18 17:00,0.15 ,0.24 ,5.05 ,244 
6/22/18 18:00,0.08 ,0.14 ,4.48 ,257 
6/22/18 19:00,0.10 ,0.16 ,4.54 ,260 
6/22/18 20:00,0.13 ,0.21 ,4.75 ,250 
6/22/18 21:00,0.10 ,0.16 ,4.83 ,252 
6/22/18 22:00,0.08 ,0.13 ,5.03 ,239 
6/22/18 23:00,0.24 ,0.39 ,5.13 ,269 
6/23/18 0:00,0.23 ,0.37 ,5.14 ,270 
6/23/18 1:00,0.23 ,0.38 ,4.95 ,272 
6/23/18 2:00,0.18 ,0.30 ,4.95 ,266 
6/23/18 3:00,0.24 ,0.39 ,5.04 ,265 
6/23/18 4:00,0.29 ,0.47 ,4.86 ,257 
6/23/18 5:00,0.25 ,0.42 ,4.95 ,247 
6/23/18 6:00,0.25 ,0.41 ,5.11 ,241 
6/23/18 7:00,0.24 ,0.40 ,5.08 ,249 
6/23/18 8:00,0.38 ,0.63 ,4.86 ,267 
6/23/18 9:00,0.40 ,0.67 ,4.73 ,258 
6/23/18 10:00,0.38 ,0.63 ,4.81 ,256 
6/23/18 11:00,0.29 ,0.48 ,4.91 ,258 
6/23/18 12:00,0.31 ,0.51 ,4.96 ,263 
6/23/18 13:00,0.41 ,0.68 ,5.11 ,272 
6/23/18 14:00,0.31 ,0.51 ,5.20 ,286 
6/23/18 15:00,0.13 ,0.22 ,5.32 ,291 
6/23/18 16:00,0.24 ,0.40 ,5.22 ,264 
6/23/18 17:00,0.33 ,0.54 ,5.17 ,260 
6/23/18 18:00,0.21 ,0.35 ,5.05 ,252 
6/23/18 19:00,0.18 ,0.29 ,5.23 ,212 
6/23/18 20:00,0.30 ,0.49 ,5.59 ,284 
6/23/18 21:00,0.17 ,0.28 ,5.10 ,299 
6/23/18 22:00,0.21 ,0.34 ,5.00 ,257 
6/23/18 23:00,0.22 ,0.37 ,4.29 ,287 
6/24/18 0:00,0.09 ,0.15 ,4.57 ,292 
6/24/18 1:00,0.07 ,0.11 ,4.65 ,288 
6/24/18 2:00,0.24 ,0.41 ,4.17 ,248 
6/24/18 3:00,0.19 ,0.31 ,4.24 ,252 
6/24/18 4:00,0.18 ,0.30 ,4.82 ,236 
6/24/18 5:00,0.19 ,0.30 ,4.95 ,228 
6/24/18 6:00,0.17 ,0.29 ,5.50 ,228 
6/24/18 7:00,0.21 ,0.36 ,5.16 ,218 
6/24/18 8:00,0.17 ,0.29 ,4.42 ,261 
6/24/18 9:00,0.25 ,0.41 ,4.91 ,349 
6/24/18 10:00,0.22 ,0.36 ,4.73 ,294 
6/24/18 11:00,0.24 ,0.40 ,4.81 ,272 
6/24/18 12:00,0.18 ,0.30 ,4.51 ,249 
6/24/18 13:00,0.28 ,0.47 ,4.77 ,246 
6/24/18 14:00,0.17 ,0.29 ,4.82 ,255 
6/24/18 15:00,0.09 ,0.15 ,4.48 ,262 
6/24/18 16:00,0.10 ,0.17 ,5.08 ,262 
6/24/18 17:00,0.16 ,0.26 ,5.03 ,256 
6/24/18 18:00,0.20 ,0.33 ,4.91 ,248 
6/24/18 19:00,0.16 ,0.27 ,4.79 ,252 
6/24/18 20:00,0.14 ,0.23 ,5.00 ,254 
6/24/18 21:00,0.12 ,0.21 ,4.49 ,255 
6/24/18 22:00,0.10 ,0.18 ,4.51 ,291 
6/24/18 23:00,0.26 ,0.44 ,4.86 ,299 
6/25/18 0:00,0.24 ,0.40 ,4.64 ,279 
6/25/18 1:00,0.17 ,0.28 ,4.43 ,252 
6/25/18 2:00,0.10 ,0.17 ,4.46 ,298 
6/25/18 3:00,0.20 ,0.32 ,5.44 ,241 
6/25/18 4:00,0.19 ,0.30 ,5.26 ,234 
6/25/18 5:00,0.15 ,0.25 ,5.06 ,235 
6/25/18 6:00,0.08 ,0.14 ,4.83 ,258 
6/25/18 7:00,0.12 ,0.19 ,5.39 ,237 
6/25/18 8:00,0.08 ,0.13 ,4.72 ,261 
6/25/18 9:00,0.10 ,0.17 ,5.56 ,245 
6/25/18 10:00,0.19 ,0.31 ,5.35 ,233 
6/25/18 11:00,0.09 ,0.15 ,4.70 ,313 
6/25/18 12:00,0.19 ,0.31 ,4.03 ,305 
6/25/18 13:00,0.28 ,0.46 ,4.60 ,244 
6/25/18 14:00,0.11 ,0.18 ,4.61 ,187 
6/25/18 15:00,0.06 ,0.10 ,4.94 ,277 
6/25/18 16:00,0.11 ,0.18 ,3.56 ,217 
6/25/18 17:00,0.14 ,0.23 ,4.23 ,292 
6/25/18 18:00,0.20 ,0.32 ,4.51 ,309 
6/25/18 19:00,0.16 ,0.27 ,5.07 ,315 
6/25/18 20:00,0.09 ,0.16 ,5.65 ,306 
6/25/18 21:00,0.10 ,0.16 ,5.39 ,245 
6/25/18 23:00,0.06 ,0.10 ,5.20 ,177 
6/26/18 0:00,0.04 ,0.07 ,4.65 ,103 
6/26/18 1:00,0.05 ,0.08 ,5.30 ,253 
6/26/18 2:00,0.09 ,0.14 ,6.02 ,255 
6/26/18 3:00,0.08 ,0.13 ,5.67 ,261 
6/26/18 4:00,0.11 ,0.17 ,5.34 ,221 
6/26/18 5:00,0.09 ,0.15 ,4.97 ,291 
6/26/18 6:00,0.20 ,0.34 ,4.93 ,233 
6/26/18 7:00,0.20 ,0.33 ,5.18 ,221 
6/26/18 8:00,0.19 ,0.31 ,5.40 ,218 
6/26/18 9:00,0.09 ,0.15 ,4.45 ,320 
6/26/18 10:00,0.25 ,0.41 ,5.35 ,243 
6/26/18 11:00,0.33 ,0.54 ,5.42 ,224 
6/26/18 12:00,0.26 ,0.43 ,5.04 ,280 
6/26/18 13:00,0.39 ,0.64 ,5.34 ,261 
6/26/18 14:00,0.54 ,0.88 ,5.79 ,244 
6/26/18 15:00,0.60 ,0.97 ,5.91 ,238 
6/26/18 16:00,0.66 ,1.08 ,5.69 ,232 
6/26/18 17:00,0.55 ,0.91 ,5.74 ,227 
6/26/18 18:00,0.34 ,0.57 ,5.60 ,217 
6/26/18 19:00,0.41 ,0.68 ,5.75 ,237 
6/26/18 20:00,0.68 ,1.11 ,5.78 ,244 
6/26/18 21:00,0.57 ,0.93 ,5.76 ,246 
6/26/18 22:00,0.64 ,1.05 ,5.54 ,247 
6/26/18 23:00,0.82 ,1.35 ,5.56 ,253 
6/27/18 0:00,0.72 ,1.18 ,5.52 ,258 
6/27/18 1:00,0.89 ,1.46 ,5.64 ,272 
6/27/18 2:00,1.05 ,1.72 ,5.66 ,276 
6/27/18 3:00,0.97 ,1.59 ,5.78 ,284 
6/27/18 4:00,1.09 ,1.78 ,5.97 ,291 
6/27/18 5:00,0.92 ,1.51 ,5.83 ,287 
6/27/18 6:00,0.77 ,1.26 ,5.73 ,267 
6/27/18 7:00,0.75 ,1.23 ,5.25 ,259 
6/27/18 8:00,0.75 ,1.22 ,5.65 ,264 
6/27/18 9:00,0.63 ,1.03 ,5.76 ,274 
6/27/18 10:00,0.58 ,0.94 ,5.53 ,279 
6/27/18 11:00,0.62 ,1.01 ,5.56 ,264 
6/27/18 12:00,0.61 ,1.01 ,5.42 ,261 
6/27/18 13:00,0.59 ,0.98 ,5.37 ,256 
6/27/18 14:00,0.50 ,0.82 ,5.37 ,245 
6/27/18 15:00,0.32 ,0.53 ,5.38 ,254 
6/27/18 16:00,0.28 ,0.47 ,5.64 ,235 
6/27/18 17:00,0.26 ,0.43 ,6.01 ,228 
6/27/18 18:00,0.31 ,0.51 ,5.96 ,222 
6/27/18 19:00,0.33 ,0.53 ,6.37 ,221 
6/27/18 20:00,0.36 ,0.59 ,6.73 ,220 
6/27/18 21:00,0.24 ,0.40 ,6.44 ,224 
6/27/18 22:00,0.11 ,0.18 ,5.37 ,279 
6/27/18 23:00,0.23 ,0.38 ,5.55 ,248 
6/28/18 0:00,0.31 ,0.50 ,5.52 ,238 
6/28/18 1:00,0.27 ,0.45 ,5.39 ,241 
6/28/18 2:00,0.27 ,0.45 ,5.43 ,241 
6/28/18 3:00,0.30 ,0.49 ,5.58 ,222 
6/28/18 4:00,0.31 ,0.51 ,5.75 ,218 
6/28/18 5:00,0.37 ,0.60 ,5.71 ,217 
6/28/18 6:00,0.39 ,0.63 ,5.86 ,217 
6/28/18 7:00,0.39 ,0.63 ,6.34 ,218 
6/28/18 8:00,0.35 ,0.58 ,6.15 ,220 
6/28/18 9:00,0.21 ,0.35 ,5.95 ,241 
6/28/18 10:00,0.15 ,0.25 ,6.28 ,245 
6/28/18 11:00,0.33 ,0.54 ,5.65 ,240 
6/28/18 12:00,0.39 ,0.63 ,6.20 ,230 
6/28/18 13:00,0.24 ,0.40 ,5.22 ,254 
6/28/18 14:00,0.18 ,0.30 ,4.37 ,259 
6/28/18 15:00,0.19 ,0.32 ,5.45 ,227 
6/28/18 16:00,0.14 ,0.22 ,5.60 ,229 
6/28/18 17:00,0.19 ,0.32 ,6.13 ,227 
6/28/18 18:00,0.28 ,0.46 ,5.99 ,221 
6/28/18 19:00,0.22 ,0.35 ,5.83 ,229 
6/28/18 20:00,0.11 ,0.18 ,5.98 ,238 
6/28/18 21:00,0.13 ,0.21 ,5.85 ,294 
6/28/18 22:00,0.19 ,0.31 ,5.73 ,265 
6/28/18 23:00,0.11 ,0.18 ,5.65 ,248 
6/29/18 0:00,0.23 ,0.38 ,5.92 ,239 
6/29/18 1:00,0.23 ,0.39 ,5.60 ,224 
6/29/18 2:00,0.26 ,0.43 ,5.26 ,233 
6/29/18 3:00,0.28 ,0.46 ,4.88 ,262 
6/29/18 4:00,0.28 ,0.47 ,4.91 ,255 
6/29/18 5:00,0.28 ,0.46 ,5.17 ,245 
6/29/18 6:00,0.28 ,0.46 ,5.02 ,251 
6/29/18 7:00,0.27 ,0.44 ,5.02 ,259 
6/29/18 8:00,0.22 ,0.36 ,5.32 ,304 
6/29/18 9:00,0.26 ,0.43 ,4.76 ,247 
6/29/18 10:00,0.29 ,0.47 ,5.26 ,252 
6/29/18 11:00,0.39 ,0.63 ,6.13 ,245 
6/29/18 12:00,0.23 ,0.37 ,5.93 ,258 
6/29/18 13:00,0.23 ,0.38 ,5.68 ,281 
6/29/18 14:00,0.17 ,0.29 ,5.40 ,247 
6/29/18 15:00,0.14 ,0.23 ,5.37 ,246 
6/29/18 16:00,0.18 ,0.29 ,5.29 ,256 
6/29/18 17:00,0.27 ,0.45 ,4.56 ,262 
6/29/18 18:00,0.26 ,0.44 ,4.68 ,264 
6/29/18 19:00,0.23 ,0.38 ,4.91 ,270 
6/29/18 20:00,0.32 ,0.52 ,6.06 ,319 
6/29/18 21:00,0.31 ,0.51 ,5.99 ,304 
6/29/18 22:00,0.25 ,0.40 ,5.61 ,225 
6/29/18 23:00,0.21 ,0.36 ,5.28 ,333 
6/30/18 0:00,0.12 ,0.20 ,5.08 ,305 
6/30/18 1:00,0.07 ,0.11 ,5.49 ,250 
6/30/18 2:00,0.14 ,0.23 ,5.71 ,218 
6/30/18 3:00,0.11 ,0.18 ,5.26 ,224 
6/30/18 4:00,0.19 ,0.30 ,6.36 ,83 
6/30/18 5:00,0.20 ,0.33 ,6.17 ,278 
6/30/18 6:00,0.20 ,0.34 ,5.51 ,297 
6/30/18 7:00,0.16 ,0.27 ,5.66 ,296 
6/30/18 8:00,0.05 ,0.09 ,5.86 ,262 
6/30/18 9:00,0.09 ,0.15 ,5.51 ,277 
6/30/18 10:00,0.15 ,0.24 ,5.77 ,220 
6/30/18 11:00,0.12 ,0.20 ,5.68 ,230 
6/30/18 12:00,0.13 ,0.21 ,7.91 ,279 
6/30/18 13:00,0.19 ,0.31 ,5.96 ,334 
6/30/18 14:00,0.08 ,0.14 ,5.89 ,301 
6/30/18 15:00,0.11 ,0.18 ,5.67 ,277 
6/30/18 16:00,0.18 ,0.30 ,5.82 ,222 
6/30/18 17:00,0.16 ,0.26 ,5.89 ,225 
6/30/18 18:00,0.13 ,0.21 ,5.99 ,220 
6/30/18 19:00,0.12 ,0.20 ,6.24 ,220 
6/30/18 20:00,0.17 ,0.28 ,6.40 ,219 
6/30/18 21:00,0.12 ,0.20 ,5.90 ,232 
6/30/18 22:00,0.07 ,0.11 ,5.68 ,280 
6/30/18 23:00,0.03 ,0.05 ,5.03 ,307 
7/1/18 0:00,0.02 ,0.04 ,5.01 ,307 
7/1/18 1:00,0.11 ,0.18 ,4.85 ,252 
7/1/18 2:00,0.15 ,0.25 ,4.76 ,231 
7/1/18 3:00,0.13 ,0.21 ,5.06 ,248 
7/1/18 4:00,0.11 ,0.19 ,4.50 ,252 
7/1/18 5:00,0.27 ,0.45 ,4.78 ,236 
7/1/18 6:00,0.44 ,0.73 ,5.13 ,222 
7/1/18 7:00,0.30 ,0.50 ,5.41 ,253 
7/1/18 8:00,0.38 ,0.62 ,5.81 ,221 
7/1/18 9:00,0.42 ,0.68 ,6.00 ,218 
7/1/18 10:00,0.25 ,0.41 ,5.73 ,144 
7/1/18 11:00,0.18 ,0.29 ,5.69 ,234 
7/1/18 12:00,0.10 ,0.16 ,5.81 ,229 
7/1/18 13:00,0.15 ,0.25 ,6.14 ,224 
7/1/18 14:00,0.17 ,0.28 ,5.98 ,243 
7/1/18 15:00,0.15 ,0.25 ,5.74 ,220 
7/1/18 16:00,0.12 ,0.20 ,5.45 ,227 
7/1/18 17:00,0.17 ,0.29 ,5.53 ,217 
7/1/18 18:00,0.12 ,0.20 ,5.92 ,193 
7/1/18 19:00,0.04 ,0.06 ,6.68 ,7 
7/1/18 20:00,0.11 ,0.18 ,5.27 ,269 
7/1/18 21:00,0.20 ,0.33 ,5.50 ,241 
7/1/18 22:00,0.26 ,0.43 ,5.74 ,229 
7/1/18 23:00,0.29 ,0.47 ,5.71 ,221 
7/2/18 0:00,0.26 ,0.43 ,5.52 ,223 
7/2/18 1:00,0.23 ,0.37 ,5.77 ,230 
7/2/18 2:00,0.15 ,0.25 ,5.53 ,278 
7/2/18 3:00,0.27 ,0.44 ,5.13 ,270 
7/2/18 4:00,0.31 ,0.51 ,5.76 ,235 
7/2/18 5:00,0.25 ,0.41 ,5.66 ,232 
7/2/18 6:00,0.33 ,0.55 ,5.12 ,228 
7/2/18 7:00,0.42 ,0.69 ,5.39 ,218 
7/2/18 8:00,0.42 ,0.68 ,5.40 ,217 
7/2/18 9:00,0.38 ,0.63 ,5.29 ,217 
7/2/18 10:00,0.35 ,0.58 ,5.55 ,220 
7/2/18 11:00,0.22 ,0.36 ,5.74 ,224 
7/2/18 12:00,0.20 ,0.33 ,5.40 ,224 
7/2/18 13:00,0.12 ,0.19 ,5.35 ,255 
7/2/18 14:00,0.09 ,0.15 ,6.05 ,318 
7/2/18 15:00,0.14 ,0.23 ,5.68 ,308 
7/2/18 16:00,0.18 ,0.31 ,4.96 ,282 
7/2/18 17:00,0.23 ,0.38 ,4.51 ,273 
7/2/18 18:00,0.15 ,0.24 ,5.10 ,235 
7/2/18 19:00,0.19 ,0.32 ,5.38 ,223 
7/2/18 20:00,0.18 ,0.31 ,5.39 ,219 
7/2/18 21:00,0.21 ,0.34 ,5.40 ,223 
7/2/18 22:00,0.19 ,0.31 ,5.51 ,235 
7/2/18 23:00,0.13 ,0.21 ,5.68 ,265 
7/3/18 0:00,0.09 ,0.15 ,6.23 ,232 
7/3/18 1:00,0.09 ,0.15 ,5.97 ,244 
7/3/18 2:00,0.13 ,0.22 ,6.03 ,242 
7/3/18 3:00,0.15 ,0.24 ,6.07 ,252 
7/3/18 4:00,0.06 ,0.10 ,5.49 ,290 
7/3/18 5:00,0.16 ,0.27 ,4.36 ,15 
7/3/18 6:00,0.18 ,0.29 ,6.29 ,229 
7/3/18 7:00,0.16 ,0.26 ,6.67 ,226 
7/3/18 8:00,0.15 ,0.25 ,6.06 ,232 
7/3/18 9:00,0.16 ,0.27 ,5.99 ,231 
7/3/18 10:00,0.15 ,0.25 ,5.52 ,248 
7/3/18 11:00,0.14 ,0.23 ,5.45 ,247 
7/3/18 12:00,0.10 ,0.16 ,5.57 ,282 
7/3/18 13:00,0.11 ,0.18 ,6.81 ,260 
7/3/18 14:00,0.11 ,0.17 ,6.78 ,246 
7/3/18 15:00,0.12 ,0.19 ,6.40 ,246 
7/3/18 16:00,0.11 ,0.18 ,7.35 ,240 
7/3/18 17:00,0.11 ,0.18 ,7.02 ,264 
7/3/18 18:00,0.12 ,0.20 ,6.71 ,244 
7/3/18 19:00,0.10 ,0.16 ,6.42 ,230 
7/3/18 20:00,0.10 ,0.17 ,6.75 ,250 
7/3/18 21:00,0.14 ,0.22 ,5.95 ,275 
7/3/18 22:00,0.20 ,0.33 ,5.19 ,319 
7/3/18 23:00,0.17 ,0.28 ,5.14 ,313 
7/4/18 0:00,0.07 ,0.12 ,5.86 ,307 
7/4/18 1:00,0.05 ,0.07 ,8.29 ,307 
7/4/18 2:00,0.15 ,0.24 ,5.86 ,310 
7/4/18 3:00,0.11 ,0.18 ,5.75 ,340 
7/4/18 4:00,0.10 ,0.16 ,5.69 ,300 
7/4/18 5:00,0.14 ,0.24 ,5.61 ,258 
7/4/18 6:00,0.26 ,0.42 ,5.81 ,292 
7/4/18 7:00,0.32 ,0.52 ,5.21 ,310 
7/4/18 8:00,0.39 ,0.65 ,4.94 ,322 
7/4/18 9:00,0.36 ,0.61 ,4.72 ,326 
7/4/18 10:00,0.29 ,0.47 ,4.65 ,325 
7/4/18 11:00,0.31 ,0.51 ,5.38 ,314 
7/4/18 12:00,0.22 ,0.37 ,5.38 ,310 
7/4/18 13:00,0.26 ,0.42 ,5.49 ,306 
7/4/18 14:00,0.19 ,0.30 ,5.02 ,307 
7/4/18 15:00,0.09 ,0.15 ,4.76 ,127 
7/4/18 16:00,0.11 ,0.18 ,4.18 ,331 
7/4/18 17:00,0.17 ,0.27 ,5.09 ,283 
7/4/18 18:00,0.12 ,0.20 ,6.34 ,261 
7/4/18 19:00,0.05 ,0.08 ,4.57 ,265 
7/4/18 20:00,0.03 ,0.05 ,4.04 ,7 
7/4/18 21:00,0.19 ,0.30 ,8.49 ,307 
7/4/18 22:00,0.13 ,0.21 ,7.60 ,296 
7/4/18 23:00,0.07 ,0.12 ,5.53 ,278 
7/5/18 0:00,0.10 ,0.17 ,5.05 ,296 
7/5/18 1:00,0.28 ,0.46 ,4.57 ,286 
7/5/18 2:00,0.26 ,0.42 ,5.80 ,269 
7/5/18 3:00,0.13 ,0.21 ,5.52 ,268 
7/5/18 4:00,0.09 ,0.14 ,4.88 ,114 
7/5/18 5:00,0.21 ,0.35 ,4.96 ,139 
7/5/18 6:00,0.31 ,0.51 ,5.50 ,240 
7/5/18 7:00,0.20 ,0.33 ,6.51 ,272 
7/5/18 8:00,0.23 ,0.38 ,5.94 ,280 
7/5/18 9:00,0.07 ,0.11 ,5.41 ,300 
7/5/18 10:00,0.14 ,0.23 ,5.03 ,230 
7/5/18 11:00,0.11 ,0.19 ,4.92 ,237 
7/5/18 12:00,0.07 ,0.11 ,6.39 ,277 
7/5/18 13:00,0.12 ,0.19 ,6.45 ,268 
7/5/18 14:00,0.21 ,0.34 ,5.06 ,292 
7/5/18 15:00,0.25 ,0.42 ,4.96 ,330 
7/5/18 16:00,0.18 ,0.29 ,4.56 ,281 
7/5/18 17:00,0.18 ,0.31 ,4.12 ,259 
7/5/18 18:00,0.35 ,0.58 ,4.59 ,306 
7/5/18 19:00,0.31 ,0.52 ,4.44 ,324 
7/5/18 20:00,0.19 ,0.32 ,4.64 ,229 
7/5/18 21:00,0.17 ,0.27 ,6.71 ,221 
7/5/18 22:00,0.11 ,0.18 ,6.57 ,223 
7/5/18 23:00,0.10 ,0.16 ,6.60 ,238 
7/6/18 0:00,0.15 ,0.24 ,6.06 ,172 
7/6/18 1:00,0.26 ,0.43 ,5.67 ,328 
7/6/18 2:00,0.23 ,0.37 ,6.44 ,285 
7/6/18 3:00,0.22 ,0.37 ,6.51 ,333 
7/6/18 4:00,0.16 ,0.27 ,6.01 ,237 
7/6/18 5:00,0.16 ,0.25 ,5.77 ,225 
7/6/18 6:00,0.28 ,0.45 ,5.37 ,241 
7/6/18 7:00,0.21 ,0.35 ,5.61 ,247 
7/6/18 8:00,0.18 ,0.29 ,5.97 ,245 
7/6/18 9:00,0.20 ,0.32 ,6.39 ,239 
7/6/18 10:00,0.19 ,0.32 ,5.58 ,242 
7/6/18 11:00,0.21 ,0.34 ,5.11 ,306 
7/6/18 12:00,0.16 ,0.27 ,5.07 ,343 
7/6/18 13:00,0.13 ,0.22 ,5.50 ,233 
7/6/18 14:00,0.16 ,0.25 ,5.10 ,301 
7/6/18 15:00,0.12 ,0.20 ,4.36 ,6 
7/6/18 16:00,0.11 ,0.19 ,4.04 ,18 
7/6/18 17:00,0.11 ,0.19 ,4.14 ,357 
7/6/18 18:00,0.04 ,0.07 ,6.65 ,225 
7/6/18 19:00,0.11 ,0.18 ,4.53 ,303 
7/6/18 20:00,0.19 ,0.31 ,4.27 ,4 
7/6/18 21:00,0.21 ,0.35 ,4.55 ,288 
7/6/18 22:00,0.20 ,0.34 ,4.52 ,289 
7/6/18 23:00,0.20 ,0.33 ,5.40 ,315 
7/7/18 0:00,0.15 ,0.25 ,5.13 ,253 
7/7/18 1:00,0.19 ,0.31 ,7.00 ,222 
7/7/18 2:00,0.17 ,0.28 ,5.88 ,219 
7/7/18 3:00,0.19 ,0.31 ,6.04 ,234 
7/7/18 4:00,0.17 ,0.28 ,5.67 ,309 
7/7/18 5:00,0.16 ,0.27 ,4.87 ,349 
7/7/18 6:00,0.18 ,0.30 ,4.94 ,266 
7/7/18 7:00,0.21 ,0.36 ,5.01 ,87 
7/7/18 8:00,0.21 ,0.35 ,5.31 ,236 
7/7/18 9:00,0.16 ,0.26 ,4.78 ,345 
7/7/18 10:00,0.18 ,0.30 ,4.52 ,5 
7/7/18 11:00,0.25 ,0.41 ,4.66 ,108 
7/7/18 12:00,0.29 ,0.48 ,4.75 ,353 
7/7/18 13:00,0.21 ,0.36 ,4.73 ,319 
7/7/18 14:00,0.11 ,0.19 ,5.05 ,135 
7/7/18 15:00,0.09 ,0.14 ,6.84 ,220 
7/7/18 16:00,0.09 ,0.13 ,6.04 ,277 
7/7/18 17:00,0.09 ,0.14 ,5.92 ,289 
7/7/18 18:00,0.13 ,0.21 ,6.69 ,224 
7/7/18 19:00,0.11 ,0.17 ,6.28 ,247 
7/7/18 20:00,0.08 ,0.14 ,6.14 ,241 
7/7/18 21:00,0.15 ,0.25 ,6.55 ,285 
7/7/18 22:00,0.29 ,0.47 ,5.74 ,301 
7/7/18 23:00,0.22 ,0.36 ,5.18 ,278 
7/8/18 0:00,0.20 ,0.33 ,5.94 ,275 
7/8/18 1:00,0.16 ,0.25 ,6.08 ,239 
7/8/18 2:00,0.12 ,0.19 ,6.07 ,240 
7/8/18 3:00,0.06 ,0.10 ,5.70 ,197 
7/8/18 4:00,0.16 ,0.26 ,5.16 ,193 
7/8/18 5:00,0.12 ,0.21 ,4.11 ,306 
7/8/18 6:00,0.14 ,0.22 ,6.45 ,225 
7/8/18 7:00,0.18 ,0.30 ,6.28 ,222 
7/8/18 8:00,0.11 ,0.17 ,5.46 ,260 
7/8/18 9:00,0.06 ,0.10 ,5.52 ,262 
7/8/18 10:00,0.08 ,0.14 ,5.88 ,254 
7/8/18 11:00,0.15 ,0.24 ,5.47 ,235 
7/8/18 12:00,0.18 ,0.31 ,4.66 ,219 
7/8/18 13:00,0.09 ,0.14 ,4.74 ,294 
7/8/18 14:00,0.10 ,0.16 ,5.32 ,254 
7/8/18 15:00,0.10 ,0.16 ,5.77 ,241 
7/8/18 16:00,0.17 ,0.28 ,5.78 ,264 
7/8/18 18:00,0.05 ,0.08 ,5.63 ,253 
7/8/18 19:00,0.13 ,0.21 ,5.47 ,250 
7/8/18 20:00,0.15 ,0.25 ,5.84 ,245 
7/8/18 21:00,0.11 ,0.19 ,5.16 ,278 
7/8/18 22:00,0.07 ,0.12 ,5.64 ,254 
7/8/18 23:00,0.12 ,0.19 ,5.82 ,170 
7/9/18 0:00,0.15 ,0.24 ,6.02 ,277 
7/9/18 1:00,0.13 ,0.21 ,6.07 ,237 
7/9/18 2:00,0.39 ,0.63 ,6.11 ,329 
7/9/18 3:00,0.20 ,0.34 ,6.12 ,292 
7/9/18 4:00,0.25 ,0.40 ,6.10 ,219 
7/9/18 5:00,0.23 ,0.38 ,6.07 ,218 
7/9/18 6:00,0.22 ,0.36 ,5.71 ,218 
7/9/18 7:00,0.34 ,0.56 ,4.52 ,217 
7/9/18 8:00,0.12 ,0.19 ,5.97 ,228 
7/9/18 9:00,0.11 ,0.16 ,10.94 ,222 
7/9/18 10:00,0.10 ,0.17 ,7.81 ,248 
7/9/18 11:00,0.13 ,0.21 ,5.82 ,293 
7/9/18 12:00,0.11 ,0.19 ,6.11 ,269 
7/9/18 13:00,0.10 ,0.17 ,5.09 ,233 
7/9/18 14:00,0.14 ,0.23 ,5.44 ,241 
7/9/18 15:00,0.19 ,0.31 ,5.10 ,229 
7/9/18 16:00,0.19 ,0.32 ,6.02 ,234 
7/9/18 17:00,0.21 ,0.33 ,7.59 ,268 
7/9/18 18:00,0.10 ,0.16 ,5.76 ,247 
7/9/18 19:00,0.07 ,0.11 ,5.35 ,208 
7/9/18 20:00,0.09 ,0.15 ,5.01 ,145 
7/9/18 21:00,0.21 ,0.35 ,5.81 ,234 
7/9/18 22:00,0.23 ,0.38 ,5.84 ,228 
7/9/18 23:00,0.16 ,0.26 ,5.06 ,221 
7/10/18 0:00,0.21 ,0.34 ,5.38 ,229 
7/10/18 1:00,0.23 ,0.37 ,5.52 ,225 
7/10/18 2:00,0.29 ,0.48 ,5.35 ,225 
7/10/18 3:00,0.32 ,0.53 ,5.45 ,228 
7/10/18 4:00,0.40 ,0.66 ,5.55 ,227 
7/10/18 5:00,0.38 ,0.62 ,5.60 ,222 
7/10/18 6:00,0.30 ,0.50 ,5.68 ,219 
7/10/18 7:00,0.29 ,0.48 ,5.70 ,229 
7/10/18 8:00,0.25 ,0.41 ,5.32 ,269 
7/10/18 9:00,0.31 ,0.51 ,5.24 ,258 
7/10/18 10:00,0.39 ,0.65 ,5.60 ,233 
7/10/18 11:00,0.43 ,0.71 ,5.56 ,225 
7/10/18 12:00,0.48 ,0.78 ,5.56 ,224 
7/10/18 13:00,0.48 ,0.79 ,5.66 ,224 
7/10/18 14:00,0.47 ,0.78 ,5.73 ,224 
7/10/18 15:00,0.47 ,0.77 ,5.61 ,225 
7/10/18 16:00,0.48 ,0.80 ,5.64 ,224 
7/10/18 17:00,0.32 ,0.52 ,5.86 ,221 
7/10/18 18:00,0.30 ,0.49 ,5.74 ,219 
7/10/18 19:00,0.37 ,0.61 ,5.80 ,227 
7/10/18 20:00,0.39 ,0.64 ,5.87 ,239 
7/10/18 21:00,0.51 ,0.83 ,5.84 ,239 
7/10/18 22:00,0.52 ,0.84 ,5.87 ,232 
7/10/18 23:00,0.44 ,0.72 ,5.34 ,227 
7/11/18 0:00,0.46 ,0.76 ,5.49 ,227 
7/11/18 1:00,0.42 ,0.68 ,5.58 ,226 
7/11/18 2:00,0.41 ,0.67 ,5.40 ,229 
7/11/18 3:00,0.36 ,0.59 ,5.44 ,225 
7/11/18 4:00,0.33 ,0.54 ,5.60 ,225 
7/11/18 5:00,0.31 ,0.52 ,5.59 ,227 
7/11/18 6:00,0.26 ,0.43 ,5.39 ,226 
7/11/18 7:00,0.20 ,0.34 ,5.41 ,237 
7/11/18 8:00,0.24 ,0.39 ,5.57 ,249 
7/11/18 9:00,0.26 ,0.43 ,5.63 ,256 
7/11/18 10:00,0.21 ,0.34 ,5.29 ,262 
7/11/18 11:00,0.22 ,0.37 ,5.40 ,262 
7/11/18 12:00,0.11 ,0.18 ,5.45 ,239 
7/11/18 13:00,0.22 ,0.35 ,5.47 ,224 
7/11/18 14:00,0.24 ,0.39 ,5.62 ,237 
7/11/18 15:00,0.19 ,0.32 ,5.43 ,241 
7/11/18 16:00,0.12 ,0.20 ,5.54 ,231 
7/11/18 17:00,0.12 ,0.19 ,5.41 ,239 
7/11/18 18:00,0.09 ,0.14 ,4.99 ,317 
7/11/18 19:00,0.07 ,0.12 ,5.49 ,284 
7/11/18 20:00,0.07 ,0.12 ,5.74 ,286 
7/11/18 21:00,0.10 ,0.17 ,4.93 ,252 
7/11/18 22:00,0.18 ,0.30 ,4.99 ,266 
7/11/18 23:00,0.20 ,0.32 ,5.45 ,266 
7/12/18 0:00,0.25 ,0.42 ,6.14 ,227 
7/12/18 1:00,0.10 ,0.17 ,5.51 ,263 
7/12/18 2:00,0.07 ,0.12 ,5.14 ,306 
7/12/18 3:00,0.16 ,0.27 ,5.64 ,264 
7/12/18 4:00,0.23 ,0.38 ,6.15 ,233 
7/12/18 5:00,0.27 ,0.44 ,6.50 ,226 
7/12/18 6:00,0.19 ,0.30 ,6.29 ,228 
7/12/18 7:00,0.20 ,0.32 ,7.29 ,228 
7/12/18 8:00,0.29 ,0.47 ,5.09 ,240 
7/12/18 9:00,0.24 ,0.40 ,6.29 ,244 
7/12/18 10:00,0.37 ,0.59 ,7.25 ,239 
7/12/18 11:00,0.46 ,0.74 ,7.23 ,236 
7/12/18 12:00,0.61 ,0.97 ,7.19 ,232 
7/12/18 13:00,0.56 ,0.90 ,7.27 ,227 
7/12/18 14:00,0.47 ,0.76 ,6.83 ,228 
7/12/18 15:00,0.47 ,0.76 ,6.95 ,225 
7/12/18 16:00,0.38 ,0.62 ,6.62 ,229 
7/12/18 17:00,0.32 ,0.52 ,6.35 ,246 
7/12/18 18:00,0.30 ,0.48 ,6.54 ,243 
7/12/18 19:00,0.32 ,0.51 ,6.84 ,226 
7/12/18 20:00,0.15 ,0.25 ,5.78 ,267 
7/12/18 21:00,0.13 ,0.22 ,5.60 ,266 
7/12/18 22:00,0.31 ,0.50 ,6.47 ,225 
7/12/18 23:00,0.32 ,0.51 ,6.22 ,224 
7/13/18 0:00,0.27 ,0.45 ,6.29 ,236 
7/13/18 1:00,0.20 ,0.32 ,5.97 ,262 
7/13/18 2:00,0.23 ,0.36 ,6.00 ,250 
7/13/18 3:00,0.36 ,0.59 ,5.54 ,229 
7/13/18 4:00,0.40 ,0.66 ,5.82 ,222 
7/13/18 5:00,0.37 ,0.60 ,6.08 ,222 
7/13/18 6:00,0.33 ,0.53 ,6.39 ,220 
7/13/18 7:00,0.39 ,0.63 ,6.29 ,221 
7/13/18 8:00,0.33 ,0.54 ,6.26 ,224 
7/13/18 9:00,0.21 ,0.34 ,5.96 ,234 
7/13/18 10:00,0.24 ,0.40 ,6.03 ,263 
7/13/18 11:00,0.32 ,0.53 ,5.79 ,237 
7/13/18 12:00,0.36 ,0.58 ,5.67 ,236 
7/13/18 13:00,0.35 ,0.57 ,5.49 ,246 
7/13/18 14:00,0.27 ,0.45 ,5.62 ,248 
7/13/18 15:00,0.36 ,0.59 ,6.01 ,231 
7/13/18 16:00,0.35 ,0.58 ,5.89 ,232 
7/13/18 17:00,0.29 ,0.48 ,6.19 ,221 
7/13/18 18:00,0.26 ,0.42 ,6.18 ,220 
7/13/18 19:00,0.21 ,0.34 ,5.91 ,234 
7/13/18 20:00,0.19 ,0.31 ,6.07 ,234 
7/13/18 21:00,0.20 ,0.33 ,5.73 ,232 
7/13/18 22:00,0.27 ,0.46 ,4.03 ,332 
7/13/18 23:00,0.27 ,0.44 ,5.65 ,248 
7/14/18 0:00,0.24 ,0.39 ,5.61 ,248 
7/14/18 1:00,0.30 ,0.50 ,5.46 ,246 
7/14/18 2:00,0.32 ,0.52 ,5.33 ,247 
7/14/18 3:00,0.42 ,0.70 ,5.25 ,248 
7/14/18 4:00,0.41 ,0.67 ,5.20 ,248 
7/14/18 5:00,0.40 ,0.66 ,5.42 ,240 
7/14/18 6:00,0.38 ,0.63 ,5.29 ,251 
7/14/18 7:00,0.33 ,0.53 ,5.45 ,251 
7/14/18 8:00,0.36 ,0.58 ,5.57 ,240 
7/14/18 9:00,0.25 ,0.41 ,6.14 ,240 
7/14/18 10:00,0.19 ,0.32 ,5.79 ,249 
7/14/18 11:00,0.23 ,0.38 ,5.52 ,257 
7/14/18 12:00,0.22 ,0.37 ,5.46 ,254 
7/14/18 13:00,0.22 ,0.37 ,5.02 ,286 
7/14/18 14:00,0.30 ,0.50 ,5.40 ,251 
7/14/18 15:00,0.29 ,0.49 ,5.05 ,247 
7/14/18 16:00,0.39 ,0.65 ,5.28 ,232 
7/14/18 17:00,0.34 ,0.57 ,5.29 ,238 
7/14/18 18:00,0.17 ,0.28 ,5.23 ,258 
7/14/18 19:00,0.18 ,0.29 ,5.19 ,238 
7/14/18 20:00,0.19 ,0.31 ,5.28 ,241 
7/14/18 21:00,0.15 ,0.24 ,5.24 ,265 
7/14/18 22:00,0.35 ,0.57 ,6.04 ,242 
7/14/18 23:00,0.36 ,0.58 ,5.80 ,237 
7/15/18 0:00,0.39 ,0.64 ,5.47 ,244 
7/15/18 1:00,0.44 ,0.72 ,5.77 ,249 
7/15/18 2:00,0.42 ,0.68 ,5.76 ,246 
7/15/18 3:00,0.32 ,0.52 ,5.19 ,208 
7/15/18 4:00,0.42 ,0.69 ,5.33 ,246 
7/15/18 5:00,0.34 ,0.57 ,5.44 ,247 
7/15/18 6:00,0.38 ,0.62 ,5.39 ,236 
7/15/18 7:00,0.39 ,0.64 ,5.51 ,226 
7/15/18 8:00,0.30 ,0.49 ,5.76 ,232 
7/15/18 9:00,0.26 ,0.42 ,5.81 ,232 
7/15/18 10:00,0.24 ,0.38 ,5.67 ,222 
7/15/18 11:00,0.16 ,0.26 ,5.54 ,231 
7/15/18 12:00,0.19 ,0.32 ,5.34 ,244 
7/15/18 13:00,0.24 ,0.40 ,4.69 ,250 
7/15/18 14:00,0.24 ,0.40 ,4.45 ,257 
7/15/18 15:00,0.25 ,0.42 ,4.85 ,263 
7/15/18 16:00,0.29 ,0.47 ,5.55 ,256 
7/15/18 17:00,0.30 ,0.50 ,5.34 ,308 
7/15/18 18:00,0.28 ,0.47 ,5.17 ,295 
7/15/18 19:00,0.27 ,0.45 ,5.12 ,273 
7/15/18 20:00,0.24 ,0.39 ,5.33 ,265 
7/15/18 21:00,0.24 ,0.39 ,4.60 ,241 
7/15/18 22:00,0.15 ,0.24 ,6.84 ,347 
7/15/18 23:00,0.14 ,0.22 ,6.46 ,324 
7/16/18 0:00,0.19 ,0.31 ,5.02 ,297 
7/16/18 1:00,0.22 ,0.37 ,4.86 ,202 
7/16/18 2:00,0.18 ,0.29 ,6.47 ,247 
7/16/18 3:00,0.17 ,0.28 ,5.64 ,238 
7/16/18 4:00,0.16 ,0.26 ,4.95 ,244 
7/16/18 5:00,0.17 ,0.28 ,5.03 ,278 
7/16/18 6:00,0.23 ,0.38 ,5.01 ,230 
7/16/18 7:00,0.18 ,0.29 ,5.16 ,241 
7/16/18 8:00,0.12 ,0.19 ,5.61 ,254 
7/16/18 9:00,0.31 ,0.51 ,4.97 ,133 
7/16/18 10:00,0.21 ,0.34 ,4.97 ,228 
7/16/18 11:00,0.13 ,0.22 ,5.15 ,230 
7/16/18 12:00,0.22 ,0.36 ,5.30 ,248 
7/16/18 13:00,0.26 ,0.42 ,5.73 ,281 
7/16/18 14:00,0.27 ,0.43 ,6.15 ,338 
7/16/18 15:00,0.12 ,0.19 ,4.80 ,269 
7/16/18 16:00,0.12 ,0.19 ,4.56 ,329 
7/16/18 17:00,0.17 ,0.28 ,5.92 ,283 
7/16/18 18:00,0.17 ,0.28 ,5.16 ,295 
7/16/18 19:00,0.21 ,0.35 ,4.38 ,295 
7/16/18 20:00,0.16 ,0.26 ,3.97 ,237 
7/16/18 22:00,0.18 ,0.30 ,5.44 ,337 
7/16/18 23:00,0.14 ,0.23 ,5.32 ,242 
7/17/18 0:00,0.07 ,0.11 ,4.85 ,247 
7/17/18 1:00,0.06 ,0.10 ,4.84 ,247 
7/17/18 2:00,0.02 ,0.04 ,4.68 ,7 
7/17/18 3:00,0.02 ,0.04 ,4.68 ,7 
7/17/18 6:00,0.19 ,0.31 ,5.18 ,318 
7/17/18 7:00,0.10 ,0.16 ,5.05 ,325 
7/17/18 8:00,0.05 ,0.08 ,4.05 ,131 
7/17/18 9:00,0.14 ,0.24 ,6.10 ,264 
7/17/18 10:00,0.16 ,0.26 ,4.80 ,256 
7/17/18 11:00,0.07 ,0.12 ,5.36 ,296 
7/17/18 13:00,0.20 ,0.33 ,4.57 ,228 
7/17/18 14:00,0.17 ,0.28 ,5.96 ,259 
7/17/18 15:00,0.21 ,0.35 ,4.76 ,270 
7/17/18 16:00,0.25 ,0.41 ,4.87 ,319 
7/17/18 17:00,0.23 ,0.39 ,4.10 ,285 
7/17/18 18:00,0.25 ,0.43 ,4.00 ,341 
7/17/18 19:00,0.24 ,0.39 ,5.52 ,286 
7/17/18 20:00,0.20 ,0.33 ,6.63 ,290 
7/17/18 21:00,0.14 ,0.23 ,4.51 ,305 
7/17/18 22:00,0.31 ,0.51 ,4.87 ,326 
7/17/18 23:00,0.22 ,0.36 ,4.94 ,290 
7/18/18 0:00,0.12 ,0.19 ,4.50 ,229 
7/18/18 1:00,0.09 ,0.15 ,4.41 ,222 
7/18/18 2:00,0.06 ,0.10 ,5.00 ,250 
7/18/18 3:00,0.12 ,0.20 ,5.55 ,222 
7/18/18 4:00,0.13 ,0.21 ,4.25 ,238 
7/18/18 5:00,0.16 ,0.27 ,3.78 ,237 
7/18/18 6:00,0.29 ,0.47 ,4.81 ,261 
7/18/18 7:00,0.21 ,0.36 ,4.82 ,257 
7/18/18 8:00,0.19 ,0.31 ,4.84 ,219 
7/18/18 9:00,0.18 ,0.30 ,5.00 ,220 
7/18/18 10:00,0.17 ,0.28 ,5.07 ,225 
7/18/18 11:00,0.12 ,0.20 ,5.10 ,236 
7/18/18 13:00,0.05 ,0.08 ,4.98 ,300 
7/18/18 14:00,0.08 ,0.13 ,4.95 ,266 
7/18/18 15:00,0.21 ,0.35 ,4.45 ,296 
7/18/18 16:00,0.20 ,0.33 ,4.42 ,315 
7/18/18 17:00,0.09 ,0.15 ,4.74 ,284 
7/18/18 18:00,0.07 ,0.11 ,6.20 ,283 
7/18/18 19:00,0.20 ,0.34 ,4.91 ,294 
7/18/18 20:00,0.20 ,0.33 ,4.78 ,321 
7/18/18 21:00,0.46 ,0.75 ,4.89 ,253 
7/18/18 22:00,0.23 ,0.38 ,4.52 ,273 
7/18/18 23:00,0.09 ,0.16 ,5.73 ,294 
7/19/18 0:00,0.10 ,0.17 ,4.47 ,218 
7/19/18 1:00,0.09 ,0.15 ,4.12 ,221 
7/19/18 2:00,0.13 ,0.21 ,5.32 ,305 
7/19/18 3:00,0.21 ,0.34 ,5.90 ,232 
7/19/18 4:00,0.25 ,0.41 ,5.19 ,270 
7/19/18 5:00,0.32 ,0.52 ,5.57 ,320 
7/19/18 6:00,0.23 ,0.38 ,5.03 ,333 
7/19/18 7:00,0.11 ,0.18 ,4.57 ,295 
7/19/18 8:00,0.13 ,0.21 ,4.74 ,244 
7/19/18 9:00,0.22 ,0.37 ,5.88 ,219 
7/19/18 10:00,0.24 ,0.40 ,4.66 ,219 
7/19/18 11:00,0.27 ,0.45 ,4.54 ,291 
7/19/18 12:00,0.17 ,0.30 ,4.86 ,310 
7/19/18 13:00,0.12 ,0.20 ,5.43 ,303 
7/19/18 14:00,0.26 ,0.44 ,5.22 ,282 
7/19/18 15:00,0.12 ,0.20 ,5.23 ,228 
7/19/18 16:00,0.08 ,0.13 ,4.69 ,283 
7/19/18 17:00,0.11 ,0.18 ,5.11 ,275 
7/19/18 18:00,0.15 ,0.24 ,5.11 ,299 
7/19/18 19:00,0.19 ,0.33 ,5.07 ,315 
7/19/18 20:00,0.22 ,0.35 ,5.85 ,307 
7/19/18 21:00,0.18 ,0.30 ,5.89 ,242 
7/19/18 22:00,0.23 ,0.37 ,5.64 ,255 
7/19/18 23:00,0.22 ,0.36 ,5.01 ,291 
7/20/18 0:00,0.09 ,0.15 ,5.38 ,221 
7/20/18 1:00,0.12 ,0.20 ,4.79 ,236 
7/20/18 2:00,0.13 ,0.21 ,4.54 ,252 
7/20/18 3:00,0.05 ,0.08 ,5.14 ,291 
7/20/18 4:00,0.13 ,0.22 ,5.63 ,273 
7/20/18 5:00,0.14 ,0.24 ,5.69 ,247 
7/20/18 6:00,0.13 ,0.21 ,5.97 ,217 
7/20/18 7:00,0.06 ,0.10 ,5.44 ,243 
7/20/18 8:00,0.11 ,0.18 ,5.19 ,255 
7/20/18 9:00,0.23 ,0.39 ,5.22 ,336 
7/20/18 10:00,0.23 ,0.37 ,5.57 ,288 
7/20/18 11:00,0.19 ,0.31 ,6.02 ,277 
7/20/18 12:00,0.07 ,0.11 ,5.48 ,282 
7/20/18 13:00,0.06 ,0.09 ,5.15 ,273 
7/20/18 14:00,0.11 ,0.17 ,5.16 ,300 
7/20/18 15:00,0.05 ,0.07 ,4.50 ,290 
7/20/18 16:00,0.05 ,0.09 ,4.87 ,244 
7/20/18 17:00,0.08 ,0.14 ,5.04 ,279 
7/20/18 18:00,0.10 ,0.16 ,4.99 ,281 
7/20/18 19:00,0.27 ,0.45 ,4.86 ,328 
7/20/18 20:00,0.20 ,0.33 ,5.89 ,266 
7/20/18 21:00,0.20 ,0.32 ,5.93 ,217 
7/20/18 22:00,0.07 ,0.10 ,5.06 ,255 
7/20/18 23:00,0.07 ,0.12 ,5.28 ,282 
7/21/18 0:00,0.06 ,0.10 ,5.10 ,270 
7/21/18 1:00,0.07 ,0.12 ,5.41 ,249 
7/21/18 2:00,0.07 ,0.11 ,5.73 ,251 
7/21/18 3:00,0.04 ,0.07 ,5.55 ,217 
7/21/18 4:00,0.02 ,0.03 ,5.76 ,286 
7/21/18 5:00,0.07 ,0.12 ,6.08 ,307 
7/21/18 6:00,0.11 ,0.18 ,5.11 ,308 
7/21/18 7:00,0.07 ,0.12 ,4.77 ,339 
7/21/18 8:00,0.06 ,0.10 ,5.00 ,170 
7/21/18 9:00,0.06 ,0.10 ,5.32 ,273 
7/21/18 10:00,0.28 ,0.46 ,4.73 ,19 
7/21/18 11:00,0.11 ,0.19 ,5.58 ,151 
7/21/18 12:00,0.20 ,0.33 ,5.48 ,296 
7/21/18 13:00,0.36 ,0.59 ,5.84 ,355 
7/21/18 14:00,0.26 ,0.44 ,4.72 ,295 
7/21/18 15:00,0.20 ,0.34 ,4.59 ,256 
7/21/18 18:00,0.04 ,0.06 ,4.92 ,237 
7/21/18 19:00,0.04 ,0.06 ,4.91 ,264 
7/21/18 20:00,0.15 ,0.25 ,5.31 ,285 
7/21/18 21:00,0.14 ,0.23 ,4.79 ,249 
7/21/18 22:00,0.05 ,0.08 ,5.70 ,270 
7/21/18 23:00,0.06 ,0.10 ,6.11 ,275 
7/22/18 0:00,0.20 ,0.33 ,5.87 ,346 
7/22/18 1:00,0.13 ,0.22 ,5.67 ,220 
7/22/18 2:00,0.07 ,0.11 ,5.43 ,299 
7/22/18 3:00,0.03 ,0.04 ,4.79 ,329 
7/22/18 4:00,0.02 ,0.03 ,5.96 ,307 
7/22/18 5:00,0.14 ,0.23 ,4.08 ,88 
7/22/18 6:00,0.13 ,0.22 ,3.89 ,3 
7/22/18 7:00,0.28 ,0.46 ,4.43 ,307 
7/22/18 8:00,0.04 ,0.07 ,4.23 ,251 
7/22/18 9:00,0.02 ,0.03 ,4.22 ,247 
7/22/18 10:00,0.17 ,0.28 ,5.69 ,110 
7/22/18 11:00,0.06 ,0.10 ,6.30 ,305 
7/22/18 12:00,0.14 ,0.23 ,4.66 ,239 
7/22/18 13:00,0.19 ,0.31 ,3.50 ,219 
7/22/18 14:00,0.12 ,0.20 ,5.98 ,267 
7/22/18 15:00,0.14 ,0.23 ,6.77 ,276 
7/22/18 16:00,0.25 ,0.41 ,5.99 ,333 
7/22/18 17:00,0.40 ,0.67 ,5.10 ,309 
7/22/18 18:00,0.13 ,0.21 ,6.18 ,328 
7/22/18 19:00,0.15 ,0.25 ,6.06 ,333 
7/22/18 20:00,0.19 ,0.31 ,6.48 ,263 
7/22/18 21:00,0.20 ,0.32 ,6.39 ,259 
7/22/18 22:00,0.18 ,0.30 ,6.50 ,255 
7/22/18 23:00,0.24 ,0.38 ,7.21 ,227 
7/23/18 0:00,0.28 ,0.44 ,7.65 ,223 
7/23/18 1:00,0.29 ,0.47 ,7.12 ,222 
7/23/18 2:00,0.25 ,0.40 ,6.77 ,226 
7/23/18 3:00,0.32 ,0.51 ,6.66 ,223 
7/23/18 4:00,0.31 ,0.50 ,6.59 ,229 
7/23/18 5:00,0.27 ,0.43 ,6.68 ,235 
7/23/18 6:00,0.52 ,0.85 ,6.47 ,220 
7/23/18 7:00,0.43 ,0.69 ,6.86 ,226 
7/23/18 8:00,0.36 ,0.59 ,6.81 ,236 
7/23/18 9:00,0.36 ,0.59 ,6.48 ,252 
7/23/18 10:00,0.41 ,0.66 ,6.46 ,241 
7/23/18 11:00,0.45 ,0.73 ,6.56 ,228 
7/23/18 12:00,0.44 ,0.71 ,6.50 ,231 
7/23/18 13:00,0.48 ,0.78 ,6.58 ,226 
7/23/18 14:00,0.48 ,0.77 ,6.59 ,220 
7/23/18 15:00,0.40 ,0.65 ,6.56 ,221 
7/23/18 16:00,0.35 ,0.57 ,6.54 ,231 
7/23/18 17:00,0.27 ,0.43 ,6.68 ,232 
7/23/18 18:00,0.32 ,0.52 ,5.74 ,246 
7/23/18 19:00,0.30 ,0.48 ,6.82 ,231 
7/23/18 20:00,0.34 ,0.55 ,6.64 ,240 
7/23/18 21:00,0.35 ,0.58 ,6.44 ,248 
7/23/18 22:00,0.35 ,0.56 ,6.46 ,238 
7/23/18 23:00,0.29 ,0.47 ,6.45 ,226 
7/24/18 0:00,0.32 ,0.52 ,6.13 ,223 
7/24/18 1:00,0.42 ,0.68 ,6.27 ,221 
7/24/18 2:00,0.44 ,0.72 ,6.35 ,220 
7/24/18 3:00,0.35 ,0.57 ,6.05 ,222 
7/24/18 4:00,0.40 ,0.66 ,6.05 ,223 
7/24/18 5:00,0.48 ,0.79 ,5.97 ,230 
7/24/18 6:00,0.42 ,0.68 ,6.16 ,230 
7/24/18 7:00,0.35 ,0.58 ,6.19 ,236 
7/24/18 8:00,0.31 ,0.50 ,5.68 ,246 
7/24/18 9:00,0.33 ,0.53 ,5.85 ,230 
7/24/18 10:00,0.27 ,0.45 ,5.98 ,280 
7/24/18 11:00,0.38 ,0.61 ,5.95 ,239 
7/24/18 12:00,0.37 ,0.60 ,5.91 ,242 
7/24/18 13:00,0.28 ,0.46 ,6.08 ,249 
7/24/18 14:00,0.23 ,0.37 ,5.89 ,240 
7/24/18 15:00,0.26 ,0.43 ,5.89 ,240 
7/24/18 16:00,0.21 ,0.34 ,5.97 ,241 
7/24/18 17:00,0.25 ,0.40 ,5.55 ,246 
7/24/18 18:00,0.25 ,0.42 ,5.42 ,251 
7/24/18 19:00,0.25 ,0.42 ,5.46 ,243 
7/24/18 20:00,0.25 ,0.41 ,5.70 ,239 
7/24/18 21:00,0.38 ,0.62 ,5.87 ,238 
7/24/18 22:00,0.42 ,0.68 ,6.20 ,226 
7/24/18 23:00,0.49 ,0.80 ,6.12 ,222 
7/25/18 0:00,0.43 ,0.70 ,6.20 ,220 
7/25/18 1:00,0.43 ,0.71 ,6.30 ,221 
7/25/18 2:00,0.50 ,0.82 ,5.79 ,223 
7/25/18 3:00,0.52 ,0.86 ,5.97 ,220 
7/25/18 4:00,0.53 ,0.86 ,6.14 ,218 
7/25/18 5:00,0.48 ,0.78 ,6.08 ,221 
7/25/18 6:00,0.56 ,0.92 ,5.95 ,228 
7/25/18 7:00,0.50 ,0.82 ,6.11 ,224 
7/25/18 8:00,0.50 ,0.82 ,6.01 ,222 
7/25/18 9:00,0.52 ,0.86 ,5.71 ,221 
7/25/18 10:00,0.45 ,0.74 ,5.55 ,234 
7/25/18 11:00,0.46 ,0.74 ,6.20 ,226 
7/25/18 12:00,0.44 ,0.72 ,6.09 ,223 
7/25/18 13:00,0.39 ,0.63 ,5.76 ,226 
7/25/18 14:00,0.28 ,0.46 ,5.63 ,230 
7/25/18 15:00,0.17 ,0.28 ,6.00 ,266 
7/25/18 16:00,0.18 ,0.30 ,5.92 ,247 
7/25/18 17:00,0.32 ,0.52 ,5.89 ,223 
7/25/18 18:00,0.46 ,0.75 ,5.55 ,222 
7/25/18 19:00,0.41 ,0.67 ,5.51 ,232 
7/25/18 20:00,0.43 ,0.70 ,5.49 ,239 
7/25/18 21:00,0.38 ,0.62 ,5.57 ,238 
7/25/18 22:00,0.33 ,0.54 ,5.76 ,228 
7/25/18 23:00,0.33 ,0.55 ,5.72 ,226 
7/26/18 0:00,0.34 ,0.56 ,5.75 ,221 
7/26/18 1:00,0.07 ,0.11 ,5.67 ,327 
7/26/18 2:00,0.22 ,0.36 ,5.61 ,230 
7/26/18 3:00,0.31 ,0.51 ,5.48 ,219 
7/26/18 4:00,0.39 ,0.64 ,5.34 ,218 
7/26/18 5:00,0.29 ,0.48 ,5.42 ,218 
7/26/18 6:00,0.24 ,0.39 ,5.54 ,218 
7/26/18 7:00,0.19 ,0.31 ,5.69 ,219 
7/26/18 8:00,0.09 ,0.15 ,5.33 ,277 
7/26/18 9:00,0.09 ,0.15 ,5.34 ,305 
7/26/18 10:00,0.15 ,0.24 ,5.68 ,311 
7/26/18 11:00,0.17 ,0.28 ,5.74 ,251 
7/26/18 12:00,0.18 ,0.30 ,5.49 ,284 
7/26/18 13:00,0.20 ,0.33 ,5.27 ,236 
7/26/18 14:00,0.15 ,0.24 ,5.34 ,228 
7/26/18 15:00,0.11 ,0.19 ,5.34 ,212 
7/26/18 16:00,0.13 ,0.21 ,5.33 ,251 
7/26/18 17:00,0.13 ,0.21 ,5.14 ,247 
7/26/18 18:00,0.15 ,0.26 ,4.28 ,217 
7/26/18 19:00,0.07 ,0.13 ,5.05 ,275 
7/26/18 20:00,0.05 ,0.10 ,5.36 ,344 
7/26/18 21:00,0.21 ,0.35 ,5.28 ,233 
7/26/18 22:00,0.19 ,0.32 ,5.10 ,224 
7/26/18 23:00,0.08 ,0.13 ,5.52 ,307 
7/27/18 0:00,0.14 ,0.23 ,5.10 ,294 
7/27/18 1:00,0.18 ,0.29 ,5.41 ,231 
7/27/18 2:00,0.28 ,0.47 ,4.80 ,296 
7/27/18 3:00,0.13 ,0.22 ,4.67 ,232 
7/27/18 4:00,0.22 ,0.37 ,5.04 ,295 
7/27/18 5:00,0.15 ,0.25 ,5.75 ,274 
7/27/18 6:00,0.19 ,0.31 ,5.42 ,247 
7/27/18 7:00,0.25 ,0.41 ,5.09 ,273 
7/27/18 8:00,0.14 ,0.24 ,5.57 ,260 
7/27/18 9:00,0.11 ,0.17 ,6.21 ,221 
7/27/18 10:00,0.05 ,0.08 ,5.76 ,247 
7/27/18 11:00,0.11 ,0.18 ,6.71 ,229 
7/27/18 12:00,0.21 ,0.35 ,6.58 ,236 
7/27/18 13:00,0.24 ,0.39 ,4.92 ,277 
7/27/18 14:00,0.23 ,0.38 ,5.47 ,89 
7/27/18 15:00,0.29 ,0.47 ,5.84 ,260 
7/27/18 16:00,0.33 ,0.54 ,5.52 ,273 
7/27/18 17:00,0.33 ,0.54 ,5.61 ,310 
7/27/18 18:00,0.04 ,0.07 ,5.09 ,250 
7/27/18 19:00,0.07 ,0.12 ,5.03 ,332 
7/27/18 20:00,0.22 ,0.37 ,5.92 ,284 
7/27/18 21:00,0.26 ,0.43 ,5.43 ,276 
7/27/18 22:00,0.25 ,0.42 ,5.63 ,262 
7/27/18 23:00,0.05 ,0.09 ,5.86 ,337 
7/28/18 0:00,0.11 ,0.17 ,7.01 ,297 
7/28/18 1:00,0.14 ,0.22 ,7.10 ,286 
7/28/18 2:00,0.04 ,0.06 ,4.82 ,307 
7/28/18 3:00,0.15 ,0.24 ,4.56 ,247 
7/28/18 4:00,0.27 ,0.43 ,6.51 ,294 
7/28/18 5:00,0.14 ,0.22 ,6.55 ,307 
7/28/18 6:00,0.16 ,0.26 ,5.07 ,289 
7/28/18 7:00,0.25 ,0.41 ,5.19 ,268 
7/28/18 8:00,0.30 ,0.49 ,4.84 ,234 
7/28/18 9:00,0.31 ,0.51 ,5.74 ,263 
7/28/18 10:00,0.21 ,0.34 ,6.74 ,259 
7/28/18 11:00,0.50 ,0.82 ,5.44 ,232 
7/28/18 12:00,0.44 ,0.72 ,5.70 ,238 
7/28/18 13:00,0.26 ,0.42 ,6.39 ,245 
7/28/18 14:00,0.04 ,0.06 ,5.48 ,305 
7/28/18 15:00,0.22 ,0.37 ,4.66 ,221 
7/28/18 16:00,0.23 ,0.38 ,4.64 ,217 
7/28/18 17:00,0.24 ,0.38 ,4.88 ,218 
7/28/18 18:00,0.22 ,0.36 ,4.91 ,219 
7/28/18 19:00,0.19 ,0.31 ,5.39 ,313 
7/28/18 20:00,0.11 ,0.19 ,4.68 ,307 
7/28/18 21:00,0.15 ,0.25 ,5.28 ,311 
7/28/18 22:00,0.14 ,0.23 ,4.96 ,324 
7/28/18 23:00,0.10 ,0.17 ,4.99 ,314 
7/29/18 0:00,0.06 ,0.09 ,4.54 ,272 
7/29/18 1:00,0.06 ,0.11 ,4.45 ,280 
7/29/18 2:00,0.17 ,0.29 ,4.35 ,299 
7/29/18 3:00,0.18 ,0.31 ,3.59 ,277 
7/29/18 4:00,0.21 ,0.34 ,4.74 ,337 
7/29/18 6:00,0.03 ,0.05 ,4.79 ,337 
7/29/18 7:00,0.13 ,0.21 ,6.24 ,84 
7/29/18 8:00,0.17 ,0.28 ,6.28 ,7 
7/29/18 9:00,0.12 ,0.19 ,15.21 ,247 
7/29/18 10:00,0.11 ,0.16 ,14.41 ,246 
7/29/18 11:00,0.13 ,0.21 ,5.26 ,246 
7/29/18 12:00,0.10 ,0.17 ,5.29 ,282 
7/29/18 13:00,0.03 ,0.05 ,4.30 ,324 
7/29/18 14:00,0.04 ,0.07 ,4.88 ,235 
7/29/18 15:00,0.09 ,0.15 ,4.30 ,310 
7/29/18 16:00,0.09 ,0.14 ,5.45 ,330 
7/29/18 17:00,0.10 ,0.17 ,4.87 ,339 
7/29/18 18:00,0.12 ,0.19 ,5.42 ,217 
7/29/18 19:00,0.09 ,0.15 ,5.47 ,342 
7/29/18 20:00,0.12 ,0.20 ,6.20 ,327 
7/29/18 21:00,0.19 ,0.31 ,5.79 ,323 
7/29/18 22:00,0.23 ,0.38 ,6.12 ,265 
7/29/18 23:00,0.26 ,0.41 ,6.57 ,337 
7/30/18 0:00,0.16 ,0.27 ,6.12 ,327 
7/30/18 1:00,0.12 ,0.19 ,5.57 ,312 
7/30/18 2:00,0.10 ,0.16 ,4.95 ,302 
7/30/18 3:00,0.06 ,0.09 ,5.42 ,289 
7/30/18 4:00,0.09 ,0.15 ,4.70 ,229 
7/30/18 5:00,0.08 ,0.13 ,5.04 ,253 
7/30/18 6:00,0.08 ,0.14 ,4.11 ,108 
7/30/18 7:00,0.12 ,0.20 ,4.81 ,284 
7/30/18 8:00,0.12 ,0.20 ,4.76 ,267 
7/30/18 9:00,0.12 ,0.19 ,4.65 ,270 
7/30/18 10:00,0.10 ,0.16 ,5.02 ,251 
7/30/18 11:00,0.09 ,0.15 ,4.71 ,305 
7/30/18 12:00,0.11 ,0.18 ,5.12 ,301 
7/30/18 14:00,0.04 ,0.07 ,5.02 ,247 
7/30/18 15:00,0.06 ,0.10 ,5.73 ,273 
7/30/18 16:00,0.17 ,0.27 ,7.91 ,272 
7/30/18 17:00,0.16 ,0.27 ,7.99 ,253 
7/30/18 18:00,0.19 ,0.31 ,5.85 ,315 
7/30/18 19:00,0.19 ,0.31 ,5.97 ,329 
7/30/18 20:00,0.07 ,0.11 ,5.01 ,327 
7/30/18 21:00,0.05 ,0.08 ,4.98 ,258 
7/30/18 22:00,0.03 ,0.05 ,4.68 ,219 
7/31/18 2:00,0.04 ,0.07 ,4.30 ,277 
7/31/18 3:00,0.05 ,0.08 ,4.46 ,279 
7/31/18 4:00,0.18 ,0.30 ,5.38 ,317 
7/31/18 5:00,0.32 ,0.52 ,5.72 ,321 
7/31/18 6:00,0.24 ,0.40 ,6.02 ,314 
7/31/18 7:00,0.20 ,0.33 ,5.09 ,289 
7/31/18 8:00,0.17 ,0.28 ,5.31 ,288 
7/31/18 9:00,0.08 ,0.13 ,5.75 ,255 
7/31/18 10:00,0.09 ,0.15 ,5.53 ,342 
7/31/18 11:00,0.25 ,0.41 ,4.56 ,7 
7/31/18 12:00,0.21 ,0.36 ,4.56 ,7 
7/31/18 13:00,0.05 ,0.08 ,6.54 ,247 
7/31/18 14:00,0.18 ,0.28 ,5.81 ,61 
7/31/18 15:00,0.16 ,0.26 ,5.18 ,103 
7/31/18 16:00,0.03 ,0.04 ,4.36 ,326 
7/31/18 17:00,0.05 ,0.08 ,5.14 ,278 
7/31/18 18:00,0.04 ,0.07 ,5.10 ,277 
7/31/18 19:00,0.07 ,0.11 ,4.91 ,329 
7/31/18 20:00,0.08 ,0.14 ,5.07 ,166 
7/31/18 21:00,0.07 ,0.11 ,4.44 ,154 
7/31/18 22:00,0.09 ,0.15 ,4.67 ,295 
7/31/18 23:00,0.14 ,0.22 ,5.58 ,315 