관측일시,지점번호,기온,파향,풍속
5/1/18 0:00,229,14.5,203.3,6.1
5/1/18 1:00,229,13.9,211.2,5.4
5/1/18 2:00,229,13.8,199.1,7.4
5/1/18 3:00,229,14.1,171.5,5.5
5/1/18 4:00,229,14.7,180,4.6
5/1/18 5:00,229,14.4,134.3,4.3
5/1/18 6:00,229,13.2,108.8,5.2
5/1/18 7:00,229,14.7,125.9,3.2
5/1/18 8:00,229,15.1,121.8,3.7
5/1/18 9:00,229,14.8,124.9,4.2
5/1/18 10:00,229,15.6,140.1,3.8
5/1/18 11:00,229,16.3,139.9,3.5
5/1/18 12:00,229,16.1,161,2.5
5/1/18 13:00,229,16.5,121.7,0.6
5/1/18 14:00,229,17.3,111.3,0.7
5/1/18 15:00,229,13.6,56.7,1.3
5/1/18 16:00,229,13.5,63.3,3.8
5/1/18 17:00,229,15,66.5,2.6
5/1/18 18:00,229,14.8,47.3,4.2
5/1/18 19:00,229,14.7,19.6,4.1
5/1/18 20:00,229,14.7,61.4,4.6
5/1/18 21:00,229,14.1,74.4,5.5
5/1/18 22:00,229,12.9,93.1,5
5/1/18 23:00,229,13.7,95.7,5.8
5/2/18 0:00,229,15.7,115.9,5.5
5/2/18 1:00,229,13,20.2,6.7
5/2/18 2:00,229,11.5,35.9,9.7
5/2/18 3:00,229,13.2,38.4,7.6
5/2/18 4:00,229,13.1,51.5,6
5/2/18 5:00,229,12.3,41.3,6.4
5/2/18 6:00,229,13.9,64.5,5.1
5/2/18 7:00,229,13.1,79.3,3.8
5/2/18 8:00,229,14.7,121.6,3.6
5/2/18 9:00,229,14.1,184.6,5.3
5/2/18 10:00,229,15.5,208.2,3.4
5/2/18 11:00,229,12.6,270,5.6
5/2/18 12:00,229,10.5,289.7,8.8
5/2/18 13:00,229,9.8,299.8,7.7
5/2/18 14:00,229,9.1,292.4,12.6
5/2/18 15:00,229,9,301.8,14
5/2/18 16:00,229,10.1,304.3,13.9
5/2/18 17:00,229,10.1,314.1,15
5/2/18 18:00,229,9.8,313.4,16.6
5/2/18 19:00,229,9.3,301.9,15.9
5/2/18 20:00,229,8.8,301.2,14.5
5/2/18 21:00,229,9,293.7,14.5
5/2/18 22:00,229,9,290.9,12.8
5/2/18 23:00,229,8.9,284.8,11.3
5/3/18 0:00,229,8.5,275.1,10.1
5/3/18 1:00,229,8.9,283.9,9.8
5/3/18 2:00,229,9,300.9,9.4
5/3/18 3:00,229,9.2,301.5,10.8
5/3/18 4:00,229,9.6,294.6,14.4
5/3/18 5:00,229,9.8,291.7,14.5
5/3/18 6:00,229,9.5,288.1,13.1
5/3/18 7:00,229,9.8,283.2,12.6
5/3/18 8:00,229,10.3,282.5,13.5
5/3/18 9:00,229,10.2,276.7,14.5
5/3/18 10:00,229,10.9,268.1,15.1
5/3/18 11:00,229,10.6,258.6,12.6
5/3/18 12:00,229,11.5,267,11.3
5/3/18 13:00,229,11.1,290.3,12.4
5/3/18 14:00,229,11,289.6,11.4
5/3/18 15:00,229,10.8,291.3,12.5
5/3/18 16:00,229,10.3,292.8,13.6
5/3/18 17:00,229,10.4,296.2,13
5/3/18 18:00,229,10,290.2,13.1
5/3/18 19:00,229,9.4,287.7,12.2
5/3/18 20:00,229,9.3,288.6,12.6
5/3/18 21:00,229,9.2,283.4,11.9
5/3/18 22:00,229,9.4,282.7,11.8
5/3/18 23:00,229,9.6,281,13.6
5/4/18 0:00,229,9.5,281.6,13.8
5/4/18 1:00,229,9.4,279.5,13.3
5/4/18 2:00,229,9.4,277.3,13.4
5/4/18 3:00,229,9.5,280.8,13.5
5/4/18 4:00,229,9.3,273.8,12
5/4/18 5:00,229,9.6,275,12.8
5/4/18 6:00,229,9.9,273.6,12.9
5/4/18 7:00,229,10.4,270.9,12.6
5/4/18 8:00,229,10.6,265.4,12.5
5/4/18 9:00,229,11.2,263.4,13.1
5/4/18 10:00,229,11.9,252.9,11.6
5/4/18 11:00,229,12.1,248.8,11.8
5/4/18 12:00,229,12.3,247.7,12.2
5/4/18 13:00,229,12.6,248,13.1
5/4/18 14:00,229,12.5,245,12.2
5/4/18 15:00,229,12.5,246.4,11.3
5/4/18 16:00,229,12.4,235.8,9.1
5/4/18 17:00,229,12.3,233.9,9.5
5/4/18 18:00,229,12.1,231.3,10
5/4/18 19:00,229,12.2,229.6,11
5/4/18 20:00,229,11.4,223.9,10.7
5/4/18 21:00,229,12,224.1,11.5
5/4/18 22:00,229,12.1,223.1,12.5
5/4/18 23:00,229,11.9,224.1,11.6
5/5/18 0:00,229,11.8,222.9,10.8
5/5/18 1:00,229,12.1,226.7,11.3
5/5/18 2:00,229,12.3,225.8,11.6
5/5/18 3:00,229,11.5,221.7,12.2
5/5/18 4:00,229,10.2,214.4,11.8
5/5/18 5:00,229,9.4,208.2,12
5/5/18 6:00,229,9.3,206.2,11.6
5/5/18 7:00,229,9.8,204,12.8
5/5/18 8:00,229,10.8,208.2,12.7
5/5/18 9:00,229,11.2,204.2,13.1
5/5/18 10:00,229,11.7,202.3,13.4
5/5/18 11:00,229,12.7,203.1,13.1
5/5/18 12:00,229,13.3,205.1,13.4
5/5/18 13:00,229,12.9,205.1,13.3
5/5/18 14:00,229,12.4,205.2,13.2
5/5/18 15:00,229,13.9,201.9,13.2
5/5/18 16:00,229,12.8,197.5,14.9
5/5/18 17:00,229,12.3,197.3,14.3
5/5/18 18:00,229,12.2,200.3,13.2
5/5/18 19:00,229,11.6,200.4,12.4
5/5/18 20:00,229,11.4,202.5,13.6
5/5/18 21:00,229,11.6,201.7,13.4
5/5/18 22:00,229,11.5,204.3,12.5
5/5/18 23:00,229,11.9,208.6,10.3
5/6/18 0:00,229,11.3,204.7,7.1
5/6/18 1:00,229,11.5,190.5,9.3
5/6/18 2:00,229,12.4,181.7,12.5
5/6/18 3:00,229,11.9,162.3,12.8
5/6/18 4:00,229,12.8,168.8,14.9
5/6/18 5:00,229,11.8,139.2,9.6
5/6/18 6:00,229,11.7,137.2,9.4
5/6/18 7:00,229,12.4,130.8,8.8
5/6/18 8:00,229,12,134.7,8
5/6/18 9:00,229,12.7,132.9,7.4
5/6/18 10:00,229,11.8,118.7,6.5
5/6/18 11:00,229,11.6,88.1,5.8
5/6/18 12:00,229,10.6,63.7,4.9
5/6/18 13:00,229,11.1,58.5,11.8
5/6/18 14:00,229,11,60.1,12.3
5/6/18 15:00,229,11.8,72,9.1
5/6/18 16:00,229,13.3,82,6.9
5/6/18 17:00,229,13.2,76.5,4.9
5/6/18 18:00,229,11.1,37,10.4
5/6/18 19:00,229,11.6,44.8,8.7
5/6/18 20:00,229,12.9,50.5,9.6
5/6/18 21:00,229,13.5,53.2,7.7
5/6/18 22:00,229,12.5,46.8,7.1
5/6/18 23:00,229,11.3,15.1,9.4
5/7/18 0:00,229,12,21.4,11.4
5/7/18 1:00,229,11.7,20.6,12
5/7/18 2:00,229,12,31.1,11.7
5/7/18 3:00,229,11.4,36.6,10.4
5/7/18 4:00,229,11.7,43,10
5/7/18 5:00,229,12.4,55.3,9.1
5/7/18 6:00,229,13.6,49.8,8.6
5/7/18 7:00,229,11.2,28.5,9.1
5/7/18 8:00,229,12.4,27.1,9.9
5/7/18 9:00,229,12.1,26.5,7.1
5/7/18 10:00,229,12.5,31.8,6.7
5/7/18 11:00,229,12.3,30.9,6.3
5/7/18 12:00,229,13.7,26.9,8
5/7/18 13:00,229,15.1,24.7,8
5/7/18 14:00,229,14.8,13.7,7.3
5/7/18 15:00,229,14.9,14.7,5
5/7/18 16:00,229,15,345.7,4.2
5/7/18 17:00,229,15.4,327.5,5.8
5/7/18 18:00,229,14.7,318.1,7.4
5/7/18 19:00,229,15.6,339.5,7.1
5/7/18 20:00,229,16.7,337.3,6.4
5/7/18 21:00,229,14.9,332.3,6.2
5/7/18 22:00,229,15.4,345.8,7.1
5/7/18 23:00,229,14.2,333.9,5
5/8/18 0:00,229,13.6,9.1,5.6
5/8/18 1:00,229,13.7,9.9,6.3
5/8/18 2:00,229,13,6.3,6.7
5/8/18 3:00,229,12.5,11.6,7.7
5/8/18 4:00,229,11,22.7,8.7
5/8/18 5:00,229,10.6,58.9,9.9
5/8/18 6:00,229,9.6,73.9,6.3
5/8/18 7:00,229,11.1,79.5,5.8
5/8/18 8:00,229,12.1,93.3,6.3
5/8/18 9:00,229,13.9,92.5,6.2
5/8/18 10:00,229,14.7,84.8,5
5/8/18 11:00,229,17,86.9,4.4
5/8/18 12:00,229,17.6,73.6,3
5/8/18 13:00,229,14.4,44.5,3.7
5/8/18 14:00,229,15.2,33.6,4.3
5/8/18 15:00,229,15,26.3,3.1
5/8/18 16:00,229,14.9,32.1,3.8
5/8/18 17:00,229,15.2,30.8,5.4
5/8/18 18:00,229,14.8,29.3,6.9
5/8/18 19:00,229,14.7,38.4,7.3
5/8/18 20:00,229,14.1,36,12.4
5/8/18 21:00,229,14.2,48.4,11.6
5/8/18 22:00,229,12.5,59.8,7.6
5/8/18 23:00,229,12.3,79.6,8.1
5/9/18 0:00,229,13.4,82.6,7.3
5/9/18 1:00,229,12.2,77.2,5.9
5/9/18 2:00,229,11,72.8,7.1
5/9/18 3:00,229,10,64.8,8.4
5/9/18 4:00,229,9.9,72.4,7
5/9/18 5:00,229,9.6,74.4,5.9
5/9/18 6:00,229,9.5,74.7,5.8
5/9/18 7:00,229,10.1,78.1,5.3
5/9/18 8:00,229,11.2,74.7,4.3
5/9/18 9:00,229,11.9,76.6,4.6
5/9/18 10:00,229,13,67.7,3.9
5/9/18 11:00,229,12.9,70.1,2.7
5/9/18 12:00,229,14.5,90.8,0.6
5/9/18 13:00,229,12.8,29.3,1
5/9/18 14:00,229,13.3,57.1,2.1
5/9/18 15:00,229,12.7,23.7,2.8
5/9/18 16:00,229,13.4,0.1,0.8
5/9/18 17:00,229,15.2,289.1,1.8
5/9/18 18:00,229,14.2,280.4,3.1
5/9/18 19:00,229,12.7,271.8,3.3
5/9/18 20:00,229,11.6,270.6,3.7
5/9/18 21:00,229,11.6,269.8,5.4
5/9/18 22:00,229,11.5,273.7,6.2
5/9/18 23:00,229,11.4,271,6.5
5/10/18 0:00,229,11.2,259.6,6.8
5/10/18 1:00,229,11.1,268.6,6.2
5/10/18 2:00,229,11.5,275.3,5.4
5/10/18 3:00,229,11.5,269.2,3.2
5/10/18 4:00,229,10.4,154.4,5
5/10/18 5:00,229,10.7,185.3,5.9
5/10/18 6:00,229,9.8,205.1,6
5/10/18 7:00,229,10,211.2,6.8
5/10/18 8:00,229,10.7,218.7,5.2
5/10/18 9:00,229,11.5,212.8,5.9
5/10/18 10:00,229,12.1,213.7,5.1
5/10/18 11:00,229,13.4,213.5,4.3
5/10/18 12:00,229,13.2,213.4,4.7
5/10/18 13:00,229,13.1,212.6,5.2
5/10/18 14:00,229,13.1,215.6,5.1
5/10/18 15:00,229,12.8,220.9,3.5
5/10/18 16:00,229,12.2,236.1,3.8
5/10/18 17:00,229,11.5,239.8,3.5
5/10/18 18:00,229,10.9,239.7,3.8
5/10/18 19:00,229,10.6,252.5,5.3
5/10/18 20:00,229,10.6,242.4,3.8
5/10/18 21:00,229,10.3,246.7,3.6
5/10/18 22:00,229,10.1,239,3
5/10/18 23:00,229,10.1,226.9,2.4
5/11/18 0:00,229,10,236.7,2.2
5/11/18 1:00,229,9.7,238.8,2.6
5/11/18 2:00,229,9.7,211,3.5
5/11/18 3:00,229,9.6,202.8,3.5
5/11/18 4:00,229,9.4,197.7,3.3
5/11/18 5:00,229,9.2,135.8,2.1
5/11/18 6:00,229,9.1,172.8,2
5/11/18 7:00,229,9.2,132.8,1.4
5/11/18 8:00,229,9.4,148.6,1.6
5/11/18 9:00,229,9.5,120.5,2.5
5/11/18 10:00,229,10.3,156.7,2.4
5/11/18 11:00,229,11.8,143.1,2.5
5/11/18 12:00,229,12.3,184.8,2.6
5/11/18 13:00,229,12.8,146.1,2.2
5/11/18 14:00,229,13.5,196.5,1.5
5/11/18 15:00,229,13,151.2,1
5/11/18 16:00,229,12.4,185.8,0.4
5/11/18 17:00,229,10.5,62.1,1.8
5/11/18 18:00,229,9.8,75.2,5
5/11/18 19:00,229,9.5,76.5,3.7
5/11/18 20:00,229,9.2,79.1,4.1
5/11/18 21:00,229,11.8,134.3,1.7
5/11/18 22:00,229,13.9,211.4,0.8
5/11/18 23:00,229,13.8,157.3,1.2
5/12/18 0:00,229,12.2,103,2.6
5/12/18 1:00,229,11.3,102.1,5
5/12/18 2:00,229,10.5,84.6,4.6
5/12/18 3:00,229,11.2,90.2,6.1
5/12/18 4:00,229,10.8,96.7,6.6
5/12/18 5:00,229,10.1,83.9,5.6
5/12/18 6:00,229,9.3,85.6,5.5
5/12/18 7:00,229,9.3,101.7,8.3
5/12/18 8:00,229,9.8,94.4,6.5
5/12/18 9:00,229,13.1,152.7,4.8
5/12/18 10:00,229,13.4,200.7,6.5
5/12/18 11:00,229,12.8,213.4,7.3
5/12/18 12:00,229,13.6,221.4,6.3
5/12/18 13:00,229,13.1,215,7.1
5/12/18 14:00,229,12.8,207.5,7.9
5/12/18 15:00,229,12.5,205.6,8.5
5/12/18 16:00,229,12.6,207.3,8
5/12/18 17:00,229,12.5,203.7,7.9
5/12/18 18:00,229,12.3,206.2,8.4
5/12/18 19:00,229,12.1,213.8,6
5/12/18 20:00,229,11.9,226.2,3.6
5/12/18 21:00,229,11.8,226.1,2.5
5/12/18 22:00,229,10.9,309.7,5
5/12/18 23:00,229,10.8,350.5,4.1
5/13/18 0:00,229,10.4,343.3,4.9
5/13/18 1:00,229,10.5,317.5,5.2
5/13/18 2:00,229,10.2,300.4,6.6
5/13/18 3:00,229,10.1,311.6,6.6
5/13/18 4:00,229,10,305.2,5.5
5/13/18 5:00,229,9.9,304.1,6.2
5/13/18 6:00,229,9.8,324.2,4
5/13/18 7:00,229,10.1,339.1,3.2
5/13/18 8:00,229,10.3,312.9,2.2
5/13/18 9:00,229,10.4,285,5
5/13/18 10:00,229,10.8,285.5,5.7
5/13/18 11:00,229,11,291.5,4.4
5/13/18 12:00,229,12.4,257.4,2.5
5/13/18 13:00,229,12.9,244.9,2.1
5/13/18 14:00,229,13,241,2.9
5/13/18 15:00,229,12.8,242,2.8
5/13/18 16:00,229,12.6,235.6,2.5
5/13/18 17:00,229,12,230.5,2.9
5/13/18 18:00,229,11.6,225.2,2.5
5/13/18 19:00,229,10.7,223.2,3
5/13/18 20:00,229,10.4,216.9,3.1
5/13/18 21:00,229,10.2,211.6,3.7
5/13/18 22:00,229,10.4,215.2,3.7
5/13/18 23:00,229,10.4,202.7,2.5
5/14/18 0:00,229,10.4,210,3.4
5/14/18 1:00,229,10.4,210.2,4.1
5/14/18 2:00,229,10.6,205.9,3.9
5/14/18 3:00,229,10.6,204.9,4.7
5/14/18 4:00,229,10.3,195,5.5
5/14/18 5:00,229,10.2,161.9,4.7
5/14/18 6:00,229,10,153.6,5.6
5/14/18 7:00,229,9.8,135.2,5.7
5/14/18 8:00,229,9.4,134.2,5.8
5/14/18 9:00,229,9.9,145.1,5.9
5/14/18 10:00,229,10.4,151.3,6.3
5/14/18 11:00,229,11.6,169.5,7.2
5/14/18 12:00,229,12.1,176.5,6.6
5/14/18 13:00,229,13.3,192.3,7.5
5/14/18 14:00,229,13.9,190.6,7.2
5/14/18 15:00,229,15.3,187.8,8.1
5/14/18 16:00,229,15.3,194.3,8.9
5/14/18 17:00,229,15.3,198,10.4
5/14/18 18:00,229,15.3,197.5,10.1
5/14/18 19:00,229,14.6,201.5,10.7
5/14/18 20:00,229,14.5,203.8,11.1
5/14/18 21:00,229,14.7,205.6,10.2
5/14/18 22:00,229,14.8,204.3,10.9
5/14/18 23:00,229,15.4,199.3,10.8
5/15/18 0:00,229,14.2,205.5,10.9
5/15/18 1:00,229,13.7,203.1,11.2
5/15/18 2:00,229,13.6,204.8,11.7
5/15/18 3:00,229,14.1,200,12.1
5/15/18 4:00,229,14.8,193.6,12.5
5/15/18 5:00,229,14.2,198.1,12.5
5/15/18 6:00,229,14.6,190.2,13.7
5/15/18 7:00,229,16.1,181.2,13.2
5/15/18 8:00,229,17.1,180.3,12.1
5/15/18 9:00,229,17.7,167.4,9.4
5/15/18 10:00,229,18.2,160.7,9.3
5/15/18 11:00,229,17.8,157.2,9.2
5/15/18 12:00,229,17.5,150.6,9.8
5/15/18 13:00,229,17.3,148.3,8.6
5/15/18 14:00,229,18.3,162,11.4
5/15/18 15:00,229,18.9,176,12.8
5/15/18 16:00,229,19.4,176.4,13.3
5/15/18 17:00,229,19.6,190,14.2
5/15/18 18:00,229,19,192,12.1
5/15/18 19:00,229,17.9,193.4,15.8
5/15/18 20:00,229,18.6,194,15.5
5/15/18 21:00,229,18.9,191.3,15.9
5/15/18 22:00,229,19,192.2,16.3
5/15/18 23:00,229,18,186.5,15.8
5/16/18 0:00,229,17.7,181.5,16.1
5/16/18 1:00,229,17.1,182.2,17.4
5/16/18 2:00,229,16.7,180.9,17.5
5/16/18 3:00,229,16.9,186,17.8
5/16/18 4:00,229,16.9,190.3,18.2
5/16/18 5:00,229,16.1,190.3,17
5/16/18 6:00,229,15.9,194.8,15.4
5/16/18 7:00,229,15.8,199.5,15.8
5/16/18 8:00,229,15.4,207,12.9
5/16/18 9:00,229,15.1,203.6,15.9
5/16/18 10:00,229,15.1,197.4,16.7
5/16/18 11:00,229,15.2,196.8,17.5
5/16/18 12:00,229,15.1,200,17.7
5/16/18 13:00,229,15.1,202.1,16.1
5/16/18 14:00,229,15.1,202.2,14.2
5/16/18 15:00,229,15.3,200.1,14.5
5/16/18 16:00,229,14.8,200.9,14.4
5/16/18 17:00,229,15,198.3,13.2
5/16/18 18:00,229,15,198.6,14.3
5/16/18 19:00,229,15,197.6,14.2
5/16/18 20:00,229,15,196.9,14
5/16/18 21:00,229,14.8,200.9,13.2
5/16/18 22:00,229,15,206.6,10.5
5/16/18 23:00,229,15.3,199.3,12.5
5/17/18 0:00,229,15.4,196.2,14.2
5/17/18 1:00,229,15.2,199,13.5
5/17/18 2:00,229,15.2,218.8,7.1
5/17/18 3:00,229,15.9,186.4,13.8
5/17/18 4:00,229,16.6,181.3,15.7
5/17/18 5:00,229,16.1,192.6,11.2
5/17/18 6:00,229,15.8,206.7,7.5
5/17/18 7:00,229,16,173.8,7.1
5/17/18 8:00,229,15.4,162.3,11.8
5/17/18 9:00,229,15.4,168.6,13.6
5/17/18 10:00,229,15.7,185.6,13.1
5/17/18 11:00,229,15.9,190.4,12
5/17/18 12:00,229,15.9,196,13
5/17/18 13:00,229,15.2,206.6,9.4
5/17/18 14:00,229,15.3,198.9,12.6
5/17/18 15:00,229,15.6,202.1,12.5
5/17/18 16:00,229,15.2,202.7,11.6
5/17/18 17:00,229,15.2,207.9,10.5
5/17/18 18:00,229,15.3,218.7,9.1
5/17/18 19:00,229,16.1,218.1,7.4
5/17/18 20:00,229,15.5,210.3,7.7
5/17/18 21:00,229,16.9,223.2,3.9
5/17/18 22:00,229,15.2,200.5,8
5/17/18 23:00,229,14.1,213.2,9
5/18/18 0:00,229,14.1,222.3,5.7
5/18/18 1:00,229,14,213.9,7.3
5/18/18 2:00,229,14.2,223.7,5.9
5/18/18 3:00,229,13.6,215.7,6.3
5/18/18 4:00,229,14.1,240.9,6.2
5/18/18 5:00,229,13.8,250.8,5.8
5/18/18 6:00,229,13.5,248.8,4.7
5/18/18 7:00,229,13.4,269.4,3.9
5/18/18 8:00,229,13.7,287.3,4.1
5/18/18 9:00,229,12.8,293.6,6
5/18/18 10:00,229,12.7,317,5.4
5/18/18 11:00,229,13.5,288.5,3.8
5/18/18 12:00,229,12.8,290.7,6.6
5/18/18 13:00,229,12.6,308.3,6.4
5/18/18 14:00,229,12.4,307.4,5.6
5/18/18 15:00,229,12.6,350.2,4.2
5/18/18 16:00,229,12.9,11.8,4.7
5/18/18 17:00,229,12.9,8.5,7.3
5/18/18 18:00,229,12.8,22.3,7.2
5/18/18 19:00,229,13,16.5,7.8
5/18/18 20:00,229,13.2,8.5,7.8
5/18/18 21:00,229,13.7,6.3,8.6
5/18/18 22:00,229,12.4,17.4,10.5
5/18/18 23:00,229,13.1,53.1,9.5
5/19/18 0:00,229,11.5,44.6,9.4
5/19/18 1:00,229,10.9,48.1,10.7
5/19/18 2:00,229,10.8,52.6,9.7
5/19/18 3:00,229,10.5,51.7,9
5/19/18 4:00,229,10.2,50.7,7.8
5/19/18 5:00,229,10.2,51.1,10.4
5/19/18 6:00,229,10.4,51.3,10.6
5/19/18 7:00,229,11.3,55,9.3
5/19/18 8:00,229,12.2,56.7,7.3
5/19/18 9:00,229,12.6,55.1,8.1
5/19/18 10:00,229,13,54.7,8.2
5/19/18 11:00,229,12.9,54.9,7.5
5/19/18 12:00,229,13.2,63.4,6.5
5/19/18 13:00,229,14.1,64.3,5.1
5/19/18 14:00,229,14.2,60,5.2
5/19/18 15:00,229,14.9,66.1,4.6
5/19/18 16:00,229,16,66.3,3
5/19/18 17:00,229,19.3,127.1,0.3
5/19/18 18:00,229,16.9,209.7,3.7
5/19/18 19:00,229,15.4,224,3.6
5/19/18 20:00,229,15.7,237.1,2.5
5/19/18 21:00,229,16.1,78.9,0.8
5/19/18 22:00,229,15.9,84.9,2.7
5/19/18 23:00,229,16.6,90.3,4.5
5/20/18 0:00,229,15.1,88.8,6.2
5/20/18 1:00,229,14.3,85.1,7.5
5/20/18 2:00,229,13.6,94,9.5
5/20/18 3:00,229,12.5,88.8,8.8
5/20/18 4:00,229,12.2,88.7,7.9
5/20/18 5:00,229,11.9,90.8,9.4
5/20/18 6:00,229,12.1,80.1,7.3
5/20/18 7:00,229,11.7,75.6,6.1
5/20/18 8:00,229,13.1,73.3,7.8
5/20/18 9:00,229,13.3,74.7,6.7
5/20/18 10:00,229,14,74.8,6.5
5/20/18 11:00,229,13.9,75,6
5/20/18 12:00,229,13.1,64.3,7.5
5/20/18 13:00,229,13.2,54,10.2
5/20/18 14:00,229,13.3,53.6,10.7
5/20/18 15:00,229,12.9,44.8,11.6
5/20/18 16:00,229,14.2,46.9,11.2
5/20/18 17:00,229,13.9,42.9,11.5
5/20/18 18:00,229,14,43.1,11.8
5/20/18 19:00,229,13.8,46.2,11.2
5/20/18 20:00,229,14,51.4,10.9
5/20/18 21:00,229,14.5,60.1,9.5
5/20/18 22:00,229,13,71.9,7
5/20/18 23:00,229,15.4,85.2,7.9
5/21/18 0:00,229,14.1,88.6,9.7
5/21/18 1:00,229,13.1,90.7,9.6
5/21/18 2:00,229,13.1,94.5,9.6
5/21/18 3:00,229,12.5,92.9,8.6
5/21/18 4:00,229,12.2,96.1,9.1
5/21/18 5:00,229,11.9,98.2,8.5
5/21/18 6:00,229,12.1,95.8,7.9
5/21/18 7:00,229,13,99.1,6.9
5/21/18 8:00,229,13.8,104.3,6.3
5/21/18 9:00,229,15,101.5,4
5/21/18 10:00,229,15.9,102.9,3.5
5/21/18 11:00,229,17.4,138.8,2
5/21/18 12:00,229,17.2,131.5,1.1
5/21/18 13:00,229,16.5,128.8,0.8
5/21/18 14:00,229,17.7,183.5,1.8
5/21/18 15:00,229,16.1,246.9,0.6
5/21/18 16:00,229,16.5,17.5,0.9
5/21/18 17:00,229,15.5,345.6,1.7
5/21/18 18:00,229,14.9,8.8,5
5/21/18 19:00,229,14.2,32.3,5.4
5/21/18 20:00,229,13.4,38.1,4.4
5/21/18 21:00,229,13.5,56.4,4.9
5/21/18 22:00,229,13.9,51.7,4.5
5/21/18 23:00,229,13.6,56.9,4.5
5/22/18 0:00,229,12.7,54.9,5.4
5/22/18 1:00,229,12.9,71.7,5.5
5/22/18 2:00,229,12.4,66.4,6.1
5/22/18 3:00,229,13,67.2,5.8
5/22/18 4:00,229,12.2,75.4,5.2
5/22/18 5:00,229,12.8,76.1,5.4
5/22/18 6:00,229,13.4,86.7,5.1
5/22/18 7:00,229,14.8,97.1,5.3
5/22/18 8:00,229,15.9,112.7,2.9
5/22/18 9:00,229,16.1,126.9,3.2
5/22/18 10:00,229,16.7,135.3,3.4
5/22/18 11:00,229,16.6,139.8,4.2
5/22/18 12:00,229,16.4,152.5,6.2
5/22/18 13:00,229,16.8,177.2,5.3
5/22/18 14:00,229,16.9,190.2,2.5
5/22/18 15:00,229,15.8,174.6,2.5
5/22/18 16:00,229,15.9,204.8,0.9
5/22/18 17:00,229,15.8,168,1.8
5/22/18 18:00,229,14.3,157,4.7
5/22/18 19:00,229,13.7,128.8,3.7
5/22/18 20:00,229,13.1,115.8,4.5
5/22/18 21:00,229,13.2,108.7,4.6
5/22/18 22:00,229,13.3,98.7,4.6
5/22/18 23:00,229,13.3,95.1,3.9
5/23/18 0:00,229,14.2,93.2,3.5
5/23/18 1:00,229,14.1,10.2,3.8
5/23/18 2:00,229,12.5,10.4,7.1
5/23/18 3:00,229,12.3,9.9,7.8
5/23/18 4:00,229,12.3,7.6,6.7
5/23/18 5:00,229,11.9,65.5,9.5
5/23/18 6:00,229,11.4,1.9,5.9
5/23/18 7:00,229,11.6,317.7,6.3
5/23/18 8:00,229,11.7,344,5.1
5/23/18 9:00,229,12.8,18.6,4.9
5/23/18 10:00,229,12.3,337.2,6
5/23/18 11:00,229,10.7,322.1,6.2
5/23/18 12:00,229,11.4,307.7,5.4
5/23/18 13:00,229,11.5,327.3,4.8
5/23/18 14:00,229,14.8,276.7,3.6
5/23/18 15:00,229,15.5,274,5.6
5/23/18 16:00,229,15.3,261.1,5.4
5/23/18 17:00,229,15.1,275.6,7.3
5/23/18 18:00,229,14.3,274,7.1
5/23/18 19:00,229,13.1,270.5,6.6
5/23/18 20:00,229,12.5,279.9,5
5/23/18 21:00,229,12.5,258.5,3.7
5/23/18 22:00,229,13,249,4.3
5/23/18 23:00,229,12.4,218.9,4.4
5/24/18 0:00,229,12.2,217.3,4.9
5/24/18 1:00,229,12.1,209.8,6.8
5/24/18 2:00,229,12.1,203.8,7.8
5/24/18 3:00,229,12.1,204.9,8
5/24/18 4:00,229,12.2,196.3,9.1
5/24/18 5:00,229,11.2,199.6,9.2
5/24/18 6:00,229,12.1,207.4,9.3
5/24/18 7:00,229,13,210.1,9.3
5/24/18 8:00,229,14.1,213.4,9.8
5/24/18 9:00,229,14.8,215.2,10.1
5/24/18 10:00,229,16,216.8,10.6
5/24/18 11:00,229,16.7,218.1,10
5/24/18 12:00,229,17.2,217.8,10.5
5/24/18 13:00,229,17.3,220.2,10.1
5/24/18 14:00,229,17.6,222.4,9.6
5/24/18 15:00,229,17.6,222.8,10.1
5/24/18 16:00,229,17.5,222.6,10.3
5/24/18 17:00,229,16.4,223.4,9.5
5/24/18 18:00,229,16.3,223.7,8.8
5/24/18 19:00,229,16.5,229.5,8.4
5/24/18 20:00,229,15.8,228.7,7.9
5/24/18 21:00,229,15.7,231.3,7.6
5/24/18 22:00,229,15.8,232.5,7
5/24/18 23:00,229,15,224.3,7.2
5/25/18 0:00,229,15.1,222.9,8
5/25/18 1:00,229,15.3,224.5,7.2
5/25/18 2:00,229,14.1,222.5,7.4
5/25/18 3:00,229,15.7,226.4,7.3
5/25/18 4:00,229,14.6,225.1,5.8
5/25/18 5:00,229,14.8,226.5,6.8
5/25/18 6:00,229,15.2,222.7,6
5/25/18 7:00,229,15.1,207.8,6.9
5/25/18 8:00,229,15.8,200.5,8
5/25/18 9:00,229,15.2,193,9.1
5/25/18 10:00,229,15.7,186.7,8.7
5/25/18 11:00,229,15.8,187.6,8.6
5/25/18 12:00,229,17,196.3,7.4
5/25/18 13:00,229,17.1,201.6,8.8
5/25/18 14:00,229,17.2,207.3,7.1
5/25/18 15:00,229,17.7,212.4,6.1
5/25/18 16:00,229,19,221.5,3.7
5/25/18 17:00,229,20.3,219.5,1.3
5/25/18 18:00,229,19.7,171.7,0.1
5/25/18 19:00,229,19.1,251.5,0.9
5/25/18 20:00,229,17.7,322.3,0.8
5/25/18 21:00,229,18.2,300.8,0.7
5/25/18 22:00,229,17.1,344.4,2.1
5/25/18 23:00,229,15.5,18.1,4.4
5/26/18 0:00,229,15.6,36.3,4.3
5/26/18 1:00,229,14.7,42.5,5.3
5/26/18 2:00,229,14.2,47.9,5
5/26/18 3:00,229,13.7,38.5,7.2
5/26/18 4:00,229,14,49.3,6.5
5/26/18 5:00,229,14.2,54.7,5.2
5/26/18 6:00,229,14.8,53.8,4.6
5/26/18 7:00,229,15,50.6,4.2
5/26/18 8:00,229,16.9,45.9,4.5
5/26/18 9:00,229,18.1,34.3,4.5
5/26/18 10:00,229,17.7,31.6,4.1
5/26/18 11:00,229,17.4,39,2.8
5/26/18 12:00,229,17.1,42.8,3.3
5/26/18 13:00,229,16.9,27.8,2.7
5/26/18 14:00,229,18.2,339,0.9
5/26/18 15:00,229,18.5,294.1,3
5/26/18 16:00,229,17.2,314.1,3.2
5/26/18 17:00,229,18.3,329.5,5.4
5/26/18 18:00,229,18.4,328.8,6.2
5/26/18 19:00,229,17.2,320.7,5.9
5/26/18 20:00,229,15.9,292.6,6.7
5/26/18 21:00,229,16,286.9,6.7
5/26/18 22:00,229,18.2,311.7,3.6
5/26/18 23:00,229,15.5,281.6,8.3
5/27/18 0:00,229,15.8,282.4,5.6
5/27/18 1:00,229,18,335.5,4.4
5/27/18 2:00,229,18.2,290,2.3
5/27/18 3:00,229,16,257.4,3.2
5/27/18 4:00,229,15.3,222.5,4.2
5/27/18 5:00,229,16.2,238.2,3
5/27/18 6:00,229,17.1,294.3,1.5
5/27/18 7:00,229,17.8,269,1.6
5/27/18 8:00,229,17.6,286,0.4
5/27/18 9:00,229,17.6,135.9,2.5
5/27/18 10:00,229,17.6,157.1,2.8
5/27/18 11:00,229,17.2,180.1,3.5
5/27/18 12:00,229,17.5,202.1,5
5/27/18 13:00,229,17.5,225.6,2.7
5/27/18 14:00,229,19,230.9,1.7
5/27/18 15:00,229,17.7,260.8,4.1
5/27/18 16:00,229,17.6,262.8,3.6
5/27/18 17:00,229,18.1,222.6,2.9
5/27/18 18:00,229,17.4,270.8,1.5
5/27/18 19:00,229,17.6,324.1,1.8
5/27/18 20:00,229,17.4,217.5,1.1
5/27/18 21:00,229,17,237.7,1.2
5/27/18 22:00,229,16.5,240.1,1.4
5/27/18 23:00,229,15.6,239.5,2.5
5/28/18 0:00,229,14.8,206.2,3.9
5/28/18 1:00,229,14.6,212.8,4.4
5/28/18 2:00,229,15.1,256.9,3.4
5/28/18 3:00,229,15.3,267.6,2.3
5/28/18 4:00,229,16,322.5,1.5
5/28/18 5:00,229,16,10.4,1.2
5/28/18 6:00,229,15.6,42.7,2.6
5/28/18 7:00,229,16.2,67.8,2.2
5/28/18 8:00,229,17,69.5,2.7
5/28/18 9:00,229,17.4,75,3.4
5/28/18 10:00,229,18.4,74.8,2.7
5/28/18 11:00,229,20.2,83.5,1.7
5/28/18 12:00,229,21.2,103.9,0.4
5/28/18 13:00,229,19.4,313.7,0.6
5/28/18 14:00,229,21.4,254.8,0.8
5/28/18 15:00,229,22.6,244.8,1.7
5/28/18 16:00,229,20.5,284.5,3.4
5/28/18 17:00,229,21.1,267.3,2.7
5/28/18 18:00,229,20.4,250.5,2.3
5/28/18 19:00,229,18.7,276.2,2.6
5/28/18 20:00,229,18.1,222.4,2.2
5/28/18 21:00,229,16.8,175.1,7.1
5/28/18 22:00,229,16.1,196,8.3
5/28/18 23:00,229,16.2,206.1,8
5/29/18 0:00,229,16.3,205,9.6
5/29/18 1:00,229,16,209.9,7.7
5/29/18 2:00,229,16.3,218.4,6.5
5/29/18 3:00,229,16,213.6,5.9
5/29/18 4:00,229,16.3,215.5,5.2
5/29/18 5:00,229,16.9,199.9,2.7
5/29/18 6:00,229,16,179.3,5.6
5/29/18 7:00,229,15.8,176.9,5.4
5/29/18 8:00,229,15.9,178.5,6.2
5/29/18 9:00,229,16.3,195.3,7.3
5/29/18 10:00,229,16.6,198.9,7.8
5/29/18 11:00,229,18.1,206,7.3
5/29/18 12:00,229,18.7,205.1,7.4
5/29/18 13:00,229,19.7,199.2,6.1
5/29/18 14:00,229,20.1,199.8,6.9
5/29/18 15:00,229,19.2,213.8,4.4
5/29/18 16:00,229,18.7,207,4.9
5/29/18 17:00,229,16.9,237.2,3.3
5/29/18 18:00,229,17.4,216.4,1.8
5/29/18 19:00,229,15.9,21,4.8
5/29/18 20:00,229,16.4,93.8,2.2
5/29/18 21:00,229,16.2,91.4,4.2
5/29/18 22:00,229,16.8,108.2,3.7
5/29/18 23:00,229,17.4,144.9,3.9
5/30/18 0:00,229,16.7,117.8,3.4
5/30/18 1:00,229,16.9,165.8,7.8
5/30/18 2:00,229,16.9,160.7,4.8
5/30/18 3:00,229,17,178.7,7.2
5/30/18 4:00,229,16.7,196.6,7.4
5/30/18 5:00,229,16.7,218.9,3.9
5/30/18 6:00,229,16.7,213.1,4.4
5/30/18 7:00,229,16.8,245.1,3
5/30/18 8:00,229,17.1,258.9,2.2
5/30/18 9:00,229,17.7,286.3,0.8
5/30/18 10:00,229,17.9,148.3,0.1
5/30/18 11:00,229,17.6,287.2,1.7
5/30/18 12:00,229,17,293.3,2.4
5/30/18 13:00,229,17,299.4,3.2
5/30/18 14:00,229,16.8,302.4,4.5
5/30/18 15:00,229,18.1,310.2,5.1
5/30/18 16:00,229,16.9,319.3,4.4
5/30/18 17:00,229,16.8,318.4,4.3
5/30/18 18:00,229,16.2,316,4.9
5/30/18 19:00,229,15.8,318.1,4.5
5/30/18 20:00,229,15.1,307,4.9
5/30/18 21:00,229,15.6,319.5,4.4
5/30/18 22:00,229,15,310.1,4.6
5/30/18 23:00,229,14.4,284.2,4.9
5/31/18 0:00,229,14.6,282,6.2
5/31/18 1:00,229,14.7,289.7,6.1
5/31/18 2:00,229,14.7,291.5,7
5/31/18 3:00,229,14.5,302.8,7.2
5/31/18 4:00,229,14.6,311.6,7.3
5/31/18 5:00,229,14.5,309.9,6.4
5/31/18 6:00,229,14.6,306.1,6.2
5/31/18 7:00,229,14.9,305.8,6.4
5/31/18 8:00,229,15.3,322.9,5.8
5/31/18 9:00,229,15.6,328.3,6.2
5/31/18 10:00,229,15.8,334.2,6.8
5/31/18 11:00,229,16.8,347.6,3.5
5/31/18 12:00,229,17.1,344.7,3.6
5/31/18 13:00,229,17.5,24.1,3.5
5/31/18 14:00,229,17.7,11.7,2.4
5/31/18 15:00,229,18,356,2
5/31/18 16:00,229,16.7,341,4.1
5/31/18 17:00,229,18.7,296.9,2.6
5/31/18 18:00,229,17.2,346,3.7
5/31/18 19:00,229,16.8,342.9,6.7
5/31/18 20:00,229,17.2,334.3,5.5
5/31/18 21:00,229,17.6,18.9,6.4
5/31/18 22:00,229,17,11.4,6.8
5/31/18 23:00,229,17.1,342.2,6.8
6/1/18 0:00,229,16.8,4,7.2
6/1/18 1:00,229,16.3,5.8,7.5
6/1/18 2:00,229,16.2,3.9,7.4
6/1/18 3:00,229,16,7.3,7.3
6/1/18 4:00,229,16.1,15.7,7.9
6/1/18 5:00,229,17,10.5,6
6/1/18 6:00,229,17.5,13.8,4.5
6/1/18 7:00,229,17.6,17.5,5.1
6/1/18 8:00,229,19.4,10.1,3.4
6/1/18 9:00,229,20.4,16.7,1.1
6/1/18 10:00,229,18.1,345.4,1.5
6/1/18 11:00,229,18.7,305.2,3.6
6/1/18 12:00,229,18,322,4.8
6/1/18 13:00,229,18.6,324.9,4.5
6/1/18 14:00,229,20.2,314,4.5
6/1/18 15:00,229,20.9,312.8,4.6
6/1/18 16:00,229,20.4,306.3,5.4
6/1/18 17:00,229,20,304.5,6
6/1/18 18:00,229,20.1,301.1,6.3
6/1/18 19:00,229,20,299,6.2
6/1/18 20:00,229,18.5,293.6,7.7
6/1/18 21:00,229,19.3,298.4,7
6/1/18 22:00,229,19.2,297.8,7.1
6/1/18 23:00,229,19.1,287.7,8.6
6/2/18 0:00,229,18.6,284.5,9.7
6/2/18 1:00,229,18.4,301.1,8.4
6/2/18 2:00,229,18.4,305.9,6.5
6/2/18 3:00,229,18.2,330.5,5.1
6/2/18 4:00,229,17.9,332.1,3.2
6/2/18 5:00,229,17.5,3.3,2.5
6/2/18 6:00,229,17.9,22.9,2.7
6/2/18 7:00,229,19.4,22.3,1.5
6/2/18 8:00,229,20.2,43,1.2
6/2/18 9:00,229,20.8,45.5,0.6
6/2/18 10:00,229,19.5,166.8,0.5
6/2/18 11:00,229,20.8,176,0.7
6/2/18 12:00,229,22.7,73.6,0.3
6/2/18 13:00,229,21.7,249.4,0.9
6/2/18 14:00,229,21.5,241.8,1.2
6/2/18 15:00,229,21.6,264.8,2.1
6/2/18 16:00,229,22.5,278.9,2.4
6/2/18 17:00,229,20.7,330.5,2.4
6/2/18 18:00,229,19.9,352.1,2.2
6/2/18 19:00,229,19.9,334.2,3.2
6/2/18 20:00,229,20.4,327.5,2.9
6/2/18 21:00,229,20.4,338.4,2.9
6/2/18 22:00,229,20.5,327.5,3.5
6/2/18 23:00,229,20.3,328.3,3.2
6/3/18 0:00,229,19.9,323.2,3.3
6/3/18 1:00,229,18.8,4.4,2.5
6/3/18 2:00,229,18.7,20.3,4
6/3/18 3:00,229,18.2,45.5,4
6/3/18 4:00,229,17.1,56.4,4.3
6/3/18 5:00,229,17.8,51.9,3.1
6/3/18 6:00,229,16.5,67.8,3.9
6/3/18 7:00,229,17.2,72.1,4.3
6/3/18 8:00,229,18.5,74.1,4.8
6/3/18 9:00,229,19.5,77.5,4.1
6/3/18 10:00,229,21,80,3.8
6/3/18 11:00,229,22.1,92.2,2.7
6/3/18 12:00,229,24.6,103.3,2.1
6/3/18 13:00,229,24.9,108.7,0.9
6/3/18 14:00,229,25.4,113.8,0.8
6/3/18 15:00,229,21.3,356.7,1.8
6/3/18 16:00,229,22.8,17,1.2
6/3/18 17:00,229,19.9,31.6,2.2
6/3/18 18:00,229,20.6,58.5,2.5
6/3/18 19:00,229,19.9,31.5,3.3
6/3/18 20:00,229,21.3,49,2.5
6/3/18 21:00,229,20.7,80.4,2
6/3/18 22:00,229,19.2,212.7,3
6/3/18 23:00,229,19,208.9,2.4
6/4/18 0:00,229,19,225.9,3.5
6/4/18 1:00,229,18.5,212.7,4.1
6/4/18 2:00,229,18.1,217.8,5.7
6/4/18 3:00,229,17.8,224.7,4.7
6/4/18 4:00,229,17.7,214.4,5.5
6/4/18 5:00,229,17.9,206.3,3.7
6/4/18 6:00,229,17.2,206.8,4.7
6/4/18 7:00,229,18,205.5,4.4
6/4/18 8:00,229,18.3,214.5,4.7
6/4/18 9:00,229,19.3,205.3,4
6/4/18 10:00,229,20.8,199.4,3.3
6/4/18 11:00,229,20.9,185.1,3.1
6/4/18 12:00,229,21.8,199.8,3.5
6/4/18 13:00,229,23.2,200.2,2.8
6/4/18 14:00,229,22.1,228.7,2.3
6/4/18 15:00,229,21.5,229.9,2.7
6/4/18 16:00,229,20.2,201.1,3.8
6/4/18 17:00,229,19.8,204,4.7
6/4/18 18:00,229,19.3,216.9,3.7
6/4/18 19:00,229,18.7,204.5,5.4
6/4/18 20:00,229,18.6,199.5,8.1
6/4/18 21:00,229,19.2,176.3,10.8
6/4/18 22:00,229,18.5,269,5.8
6/4/18 23:00,229,18.8,282,3.4
6/5/18 0:00,229,19.1,340.6,2.2
6/5/18 1:00,229,18.2,52.3,1.1
6/5/18 2:00,229,17.6,82.5,2.4
6/5/18 3:00,229,18,103.6,3.6
6/5/18 4:00,229,18.9,113.6,2.6
6/5/18 5:00,229,18.6,136,3.2
6/5/18 6:00,229,17.9,120,2.2
6/5/18 7:00,229,19,113.6,2.9
6/5/18 8:00,229,20.2,102.6,3.3
6/5/18 9:00,229,20.9,105.4,2.5
6/5/18 10:00,229,22.3,132.2,2.3
6/5/18 11:00,229,22,151.9,3.1
6/5/18 12:00,229,23,187.1,3.7
6/5/18 13:00,229,24.2,197.8,3.5
6/5/18 14:00,229,24.7,206,3.7
6/5/18 15:00,229,24.5,224.4,1.3
6/5/18 16:00,229,24.6,226.2,1.4
6/5/18 17:00,229,23.5,220.5,2.4
6/5/18 18:00,229,22.5,216.1,3
6/5/18 19:00,229,21.5,225.3,3.2
6/5/18 20:00,229,20.1,238,3.6
6/5/18 21:00,229,19.5,249.3,4.2
6/5/18 22:00,229,19.4,0,0
6/5/18 23:00,229,19,241.2,4
6/6/18 0:00,229,18.6,230.5,4.3
6/6/18 1:00,229,18.4,230.6,4.9
6/6/18 2:00,229,18.2,240.3,4.1
6/6/18 3:00,229,18.2,253.1,5
6/6/18 4:00,229,18.1,249.5,2.7
6/6/18 5:00,229,18.2,229,1.7
6/6/18 6:00,229,18.4,205.7,2.5
6/6/18 7:00,229,18.4,222,1.9
6/6/18 8:00,229,19.1,224.7,1.8
6/6/18 9:00,229,19.7,194.2,2.3
6/6/18 10:00,229,19.5,177.5,2.7
6/6/18 11:00,229,20.5,202.6,3.6
6/6/18 12:00,229,21.3,192.4,4.2
6/6/18 13:00,229,22,206.4,5.3
6/6/18 14:00,229,21.5,221.1,3.8
6/6/18 15:00,229,21.1,0,0
6/6/18 16:00,229,21.8,217.7,3
6/6/18 17:00,229,20.9,227.5,2.1
6/6/18 18:00,229,20.4,229.4,1.7
6/6/18 19:00,229,19.5,220.2,3
6/6/18 20:00,229,18.3,223.2,3.7
6/6/18 21:00,229,17.8,241.8,3.9
6/6/18 22:00,229,17.8,242.6,3.5
6/6/18 23:00,229,17.7,239.3,3.1
6/7/18 0:00,229,17.4,252.6,3
6/7/18 1:00,229,17.5,227.1,1.5
6/7/18 2:00,229,17.4,194.2,1.3
6/7/18 3:00,229,17.3,187.4,1.4
6/7/18 4:00,229,17.3,187.9,2.2
6/7/18 5:00,229,17.3,211.1,2.7
6/7/18 6:00,229,17.5,235.6,1.2
6/7/18 7:00,229,18,214.3,1.2
6/7/18 8:00,229,,0,0
6/7/18 9:00,229,,0,0
6/7/18 10:00,229,,0,0
6/7/18 11:00,229,,0,0
6/7/18 12:00,229,,0,0
6/7/18 13:00,229,,0,0
6/7/18 14:00,229,,0,0
6/7/18 15:00,229,,0,0
6/7/18 16:00,229,22.5,221,1.8
6/7/18 17:00,229,22.3,251.7,1.4
6/7/18 18:00,229,20.5,255.8,1.3
6/7/18 19:00,229,19.7,240.8,2.1
6/7/18 20:00,229,19.1,236.8,1.3
6/7/18 21:00,229,19.4,282.6,1.8
6/7/18 22:00,229,18.6,256.9,2.8
6/7/18 23:00,229,18.7,261.2,4.5
6/8/18 0:00,229,18.6,249.3,2.8
6/8/18 1:00,229,18.5,245.7,2.9
6/8/18 2:00,229,18.7,306.7,3.9
6/8/18 3:00,229,18.4,339,2.6
6/8/18 4:00,229,18.5,351.9,1.3
6/8/18 5:00,229,17.6,161.9,3
6/8/18 6:00,229,17.9,178.5,3.7
6/8/18 7:00,229,18.2,186.9,3
6/8/18 8:00,229,18.3,190.2,2.9
6/8/18 9:00,229,18.6,190,2.7
6/8/18 10:00,229,19.3,186.3,2.6
6/8/18 11:00,229,18.6,177,3.4
6/8/18 12:00,229,18.9,194.2,3.1
6/8/18 13:00,229,18.6,196.4,3.4
6/8/18 14:00,229,19.1,193.3,2.8
6/8/18 15:00,229,20.8,200.3,2.2
6/8/18 16:00,229,20,264.2,0.9
6/8/18 17:00,229,19.4,315.8,1.3
6/8/18 18:00,229,20.9,268.5,1.6
6/8/18 19:00,229,18.8,301.7,4
6/8/18 20:00,229,18.1,331.1,5.5
6/8/18 21:00,229,17.2,339,4.8
6/8/18 22:00,229,16.8,339.2,5.4
6/8/18 23:00,229,16.6,349.2,3.5
6/9/18 0:00,229,16.4,3.5,3.2
6/9/18 1:00,229,16.5,22.8,2.8
6/9/18 2:00,229,16.7,355.9,2.3
6/9/18 3:00,229,16.3,27.3,2.7
6/9/18 4:00,229,16.2,59.9,2.7
6/9/18 5:00,229,16.2,67.4,2.9
6/9/18 6:00,229,15.7,63.7,4.3
6/9/18 7:00,229,15.2,65.6,4.2
6/9/18 8:00,229,15.4,46.5,3.8
6/9/18 9:00,229,16.4,55.3,4
6/9/18 10:00,229,17.8,41.5,5.3
6/9/18 11:00,229,18,49.4,3.9
6/9/18 12:00,229,18.2,59.6,3.3
6/9/18 13:00,229,18.3,46.4,1.8
6/9/18 14:00,229,18.1,3.8,1
6/9/18 15:00,229,,0,0
6/9/18 16:00,229,,0,0
6/9/18 17:00,229,17.4,293.4,5
6/9/18 18:00,229,17.7,315,4.5
6/9/18 19:00,229,17.9,327.8,3.1
6/9/18 20:00,229,17.9,305.2,3.6
6/9/18 21:00,229,18.1,22.7,2
6/9/18 22:00,229,17.6,45.1,4.9
6/9/18 23:00,229,17.8,342.6,1
6/10/18 0:00,229,17.5,264.8,2.9
6/10/18 1:00,229,17.2,11.5,6.6
6/10/18 2:00,229,16.9,34.4,5.2
6/10/18 3:00,229,15.8,78.8,4.8
6/10/18 4:00,229,16.2,115.3,2.6
6/10/18 5:00,229,16.5,115.5,3.6
6/10/18 6:00,229,15.8,99.9,3.5
6/10/18 7:00,229,15.6,110.2,4.5
6/10/18 8:00,229,15.5,116.1,5.2
6/10/18 9:00,229,16.8,130.6,5.4
6/10/18 10:00,229,17.4,146.7,5.5
6/10/18 11:00,229,17.8,151,7.8
6/10/18 12:00,229,16.9,3.9,2.4
6/10/18 13:00,229,17.7,2.2,1.8
6/10/18 14:00,229,17.1,41.4,2.6
6/10/18 15:00,229,18.1,38.6,4.1
6/10/18 16:00,229,17.9,21.2,1.8
6/10/18 17:00,229,17.8,20.9,3.7
6/10/18 18:00,229,18.1,12.2,3.3
6/10/18 19:00,229,17.7,12.2,3.7
6/10/18 20:00,229,17.2,26.2,5.6
6/10/18 21:00,229,18.4,28.7,6.3
6/10/18 22:00,229,18.1,42.6,5.5
6/10/18 23:00,229,17.8,30,4.7
6/11/18 0:00,229,17.9,50.4,5.4
6/11/18 1:00,229,17.1,26,4.7
6/11/18 2:00,229,16.4,59.9,4.8
6/11/18 3:00,229,16.2,78.4,4.2
6/11/18 4:00,229,16.2,80.9,4.2
6/11/18 5:00,229,16.5,81.4,3.1
6/11/18 6:00,229,15.9,60.9,2.5
6/11/18 7:00,229,15.7,58.9,4.9
6/11/18 8:00,229,16.1,70.9,4
6/11/18 9:00,229,16.7,77,3.5
6/11/18 10:00,229,16.7,77.5,3.3
6/11/18 11:00,229,17.2,72.6,2.3
6/11/18 12:00,229,16.4,22.8,1.7
6/11/18 13:00,229,17.7,44.4,2.8
6/11/18 14:00,229,17.3,32.4,5
6/11/18 15:00,229,17.1,26.6,5.7
6/11/18 16:00,229,17.4,37.8,5.7
6/11/18 17:00,229,16.4,47.1,4.1
6/11/18 18:00,229,16.2,33.3,4
6/11/18 19:00,229,15.7,13.1,4.5
6/11/18 20:00,229,15.5,16.4,5.6
6/11/18 21:00,229,15.9,22.6,6
6/11/18 22:00,229,16,16.8,6.2
6/11/18 23:00,229,16.1,6.1,4.5
6/12/18 0:00,229,16.6,1.9,2.9
6/12/18 1:00,229,16.4,343.3,5
6/12/18 2:00,229,16.3,324.1,4.5
6/12/18 3:00,229,16.4,323,4.8
6/12/18 4:00,229,16.4,350.9,4.4
6/12/18 5:00,229,16.2,322.4,4.3
6/12/18 6:00,229,16.4,341.3,5.4
6/12/18 7:00,229,16.7,319,4.8
6/12/18 8:00,229,17,334.9,5.4
6/12/18 9:00,229,18.7,1.9,2
6/12/18 10:00,229,19.6,10.5,3.3
6/12/18 11:00,229,19.6,11,2.5
6/12/18 12:00,229,19.6,37.3,0.4
6/12/18 13:00,229,21.6,264.9,2.3
6/12/18 14:00,229,20.6,274.6,2.9
6/12/18 15:00,229,21.2,301.7,2.2
6/12/18 16:00,229,21.9,297.8,2.2
6/12/18 17:00,229,21.7,280.7,2.5
6/12/18 18:00,229,21.1,280.9,2.8
6/12/18 19:00,229,20.4,258,1.4
6/12/18 20:00,229,18.8,296.9,0.2
6/12/18 21:00,229,18.3,152,1.6
6/12/18 22:00,229,18.1,160.1,1.2
6/12/18 23:00,229,17.7,166.1,1.8
6/13/18 0:00,229,17.9,181.9,1.7
6/13/18 1:00,229,17.4,196.5,2.8
6/13/18 2:00,229,17.4,182.4,3.7
6/13/18 3:00,229,17.3,169.5,4.7
6/13/18 4:00,229,17.2,165.8,6.1
6/13/18 5:00,229,17.3,171.8,6.8
6/13/18 6:00,229,17.5,163.1,6.6
6/13/18 7:00,229,17.9,164.7,5.6
6/13/18 8:00,229,18.4,180.5,6.4
6/13/18 9:00,229,18.8,167.9,5.4
6/13/18 10:00,229,18.3,151.8,6
6/13/18 11:00,229,16.7,52.5,2.4
6/13/18 12:00,229,18.3,101.2,4
6/13/18 13:00,229,18.3,130.5,6.1
6/13/18 14:00,229,19.6,198.8,10.1
6/13/18 15:00,229,19.6,211.3,10.5
6/13/18 16:00,229,18.9,205.3,12.6
6/13/18 17:00,229,19.4,207.2,12.2
6/13/18 18:00,229,19.9,187.9,10.8
6/13/18 19:00,229,19.4,245.5,6.2
6/13/18 20:00,229,18.7,269.5,7.1
6/13/18 21:00,229,18.8,215.6,6.2
6/13/18 22:00,229,18.3,168.9,10.2
6/13/18 23:00,229,18.6,214.7,4.5
6/14/18 0:00,229,16.9,144.3,7.7
6/14/18 1:00,229,17.9,178.8,8.3
6/14/18 2:00,229,17.9,207.9,6.1
6/14/18 3:00,229,17.5,276.3,6.4
6/14/18 4:00,229,18,242.9,4.5
6/14/18 5:00,229,17.6,231.2,5.8
6/14/18 6:00,229,17.2,216.8,4.9
6/14/18 7:00,229,17.4,144.6,9
6/14/18 8:00,229,17.9,202.6,8.4
6/14/18 9:00,229,18.5,163,6.2
6/14/18 10:00,229,16.9,106,4.6
6/14/18 11:00,229,18,142.7,4.6
6/14/18 12:00,229,19.6,140.2,3.2
6/14/18 13:00,229,19.9,187.3,5.6
6/14/18 14:00,229,19.2,147.4,5.8
6/14/18 15:00,229,18.7,113.7,3.1
6/14/18 16:00,229,18.4,97.1,3.5
6/14/18 17:00,229,18.3,42.8,1.7
6/14/18 18:00,229,17.1,52.1,4.1
6/14/18 19:00,229,17.4,49.5,3.5
6/14/18 20:00,229,17.2,49.1,5.5
6/14/18 21:00,229,19.5,357.9,1.9
6/14/18 22:00,229,19.2,277.7,4.6
6/14/18 23:00,229,19,338.2,5.4
6/15/18 0:00,229,18.7,352.5,3.7
6/15/18 1:00,229,18.2,5.2,4.2
6/15/18 2:00,229,18.5,19.3,4.8
6/15/18 3:00,229,17.9,43.4,4.5
6/15/18 4:00,229,17.2,42.3,4.1
6/15/18 5:00,229,16.9,28.4,3
6/15/18 6:00,229,16.2,59.9,4.2
6/15/18 7:00,229,16.3,90.6,4
6/15/18 8:00,229,18.1,104.2,3.6
6/15/18 9:00,229,17.6,182.2,2.8
6/15/18 10:00,229,18.1,133.5,2.2
6/15/18 11:00,229,18.3,126.6,2.6
6/15/18 12:00,229,21.3,122.9,1
6/15/18 13:00,229,19.5,62.7,2.3
6/15/18 14:00,229,18.5,40.5,1.4
6/15/18 15:00,229,18.7,33.7,1.9
6/15/18 16:00,229,19.7,15.6,2.9
6/15/18 17:00,229,19.7,10.9,2.6
6/15/18 18:00,229,19.9,349.1,3.1
6/15/18 19:00,229,18.9,7.2,4.3
6/15/18 20:00,229,18.1,2.5,3.2
6/15/18 21:00,229,17.9,7.8,5.2
6/15/18 22:00,229,17.8,11.1,6.6
6/15/18 23:00,229,18.4,24.6,6.9
6/16/18 0:00,229,17.7,30.9,5.3
6/16/18 1:00,229,17,68.8,5.8
6/16/18 2:00,229,16.7,60.4,5.2
6/16/18 3:00,229,17,82.3,4.7
6/16/18 4:00,229,16.7,97.9,5.8
6/16/18 5:00,229,16.7,103.3,6
6/16/18 6:00,229,16.8,100.6,6.1
6/16/18 7:00,229,17.5,108.5,5.6
6/16/18 8:00,229,18.5,104.9,4.6
6/16/18 9:00,229,19.2,101.8,3.6
6/16/18 10:00,229,19.6,104.8,4.5
6/16/18 11:00,229,19.8,103.8,4.1
6/16/18 12:00,229,21,113,3.9
6/16/18 13:00,229,21.4,103.1,2.1
6/16/18 14:00,229,20.3,107.1,1.5
6/16/18 15:00,229,21.6,131.3,1.3
6/16/18 16:00,229,21.1,315.6,0.6
6/16/18 17:00,229,19.9,341.4,0.3
6/16/18 18:00,229,20.3,303.4,0.5
6/16/18 19:00,229,19.6,268.6,0.9
6/16/18 20:00,229,18,273.2,1.5
6/16/18 21:00,229,18.1,321.1,2.8
6/16/18 22:00,229,17.4,275.7,3.6
6/16/18 23:00,229,17.8,287.3,2.6
6/17/18 0:00,229,18.1,344.2,0.9
6/17/18 1:00,229,17.6,41,1.5
6/17/18 2:00,229,16.9,69.7,2.5
6/17/18 3:00,229,16.4,79.9,2.7
6/17/18 4:00,229,16.5,93.6,2.6
6/17/18 5:00,229,16.4,75.6,0.1
6/17/18 6:00,229,16.2,47.7,1.8
6/17/18 7:00,229,16.8,23.5,1.5
6/17/18 8:00,229,17,53.3,2
6/17/18 9:00,229,17.8,69.2,1.6
6/17/18 10:00,229,19.7,85.9,1.9
6/17/18 11:00,229,19.9,217.3,1.5
6/17/18 12:00,229,20.3,116.8,0.5
6/17/18 13:00,229,20.2,246.8,0.7
6/17/18 14:00,229,19.3,342.7,1.6
6/17/18 15:00,229,20.2,278.9,2
6/17/18 16:00,229,19.7,296.5,3.5
6/17/18 17:00,229,19.7,27.2,3.9
6/17/18 18:00,229,18.1,17.2,4.1
6/17/18 19:00,229,17.1,41.5,5.1
6/17/18 20:00,229,17.1,60.4,4
6/17/18 21:00,229,17,50.1,3.1
6/17/18 22:00,229,17.2,290.2,1.6
6/17/18 23:00,229,17.5,67.9,2
6/18/18 0:00,229,17.7,69.9,2.5
6/18/18 1:00,229,17.7,72.5,2.7
6/18/18 2:00,229,18.2,74.4,2.7
6/18/18 3:00,229,17.9,3.1,1.3
6/18/18 4:00,229,17.6,318.9,1.7
6/18/18 5:00,229,17.5,350.3,3.4
6/18/18 6:00,229,17.1,20.8,3
6/18/18 7:00,229,17.5,15.4,5
6/18/18 8:00,229,18.1,28.3,4
6/18/18 9:00,229,17.3,33.6,3.8
6/18/18 10:00,229,18.3,50.6,3.5
6/18/18 11:00,229,18.3,23.2,3.5
6/18/18 12:00,229,18.9,12.4,3.8
6/18/18 13:00,229,20,22,2.5
6/18/18 14:00,229,19.7,38.5,1.9
6/18/18 15:00,229,21.3,13.2,1.1
6/18/18 16:00,229,20.4,359.3,1.3
6/18/18 17:00,229,20.3,336.3,1.4
6/18/18 18:00,229,20.2,4.1,1
6/18/18 19:00,229,20.7,275.7,1.6
6/18/18 20:00,229,19,296.1,1.8
6/18/18 21:00,229,19.3,309,1.9
6/18/18 22:00,229,19.2,270,1.1
6/18/18 23:00,229,18.8,204.9,1.5
6/19/18 0:00,229,18.4,204.5,2.8
6/19/18 1:00,229,18.9,208.6,0.4
6/19/18 2:00,229,18.6,174.9,1.9
6/19/18 3:00,229,18.9,185.2,1.5
6/19/18 4:00,229,18.2,181,3.5
6/19/18 5:00,229,18.4,117,1.2
6/19/18 6:00,229,17.9,142.3,2.6
6/19/18 7:00,229,18.7,122.8,2
6/19/18 8:00,229,18.9,143.4,3
6/19/18 9:00,229,19.5,86.9,1.8
6/19/18 10:00,229,19.1,168.9,3.7
6/19/18 11:00,229,19.6,127.8,2.4
6/19/18 12:00,229,19.2,142.5,3.3
6/19/18 13:00,229,19.6,183.4,5.6
6/19/18 14:00,229,19.3,195.8,7.1
6/19/18 15:00,229,19.4,188.5,6
6/19/18 16:00,229,19.2,195.3,5.2
6/19/18 17:00,229,19.8,208.4,2.4
6/19/18 18:00,229,19.3,220.9,1.7
6/19/18 19:00,229,19.1,239.5,1.9
6/19/18 20:00,229,19.3,228.7,1.9
6/19/18 21:00,229,19,225.4,2.2
6/19/18 22:00,229,18.9,236.3,3.5
6/19/18 23:00,229,18.7,234.4,4.1
6/20/18 0:00,229,19.2,274.4,3.5
6/20/18 1:00,229,19.2,282.4,3.9
6/20/18 2:00,229,19.2,307.6,4.3
6/20/18 3:00,229,19.2,297.3,3.9
6/20/18 4:00,229,18.9,266.5,2.2
6/20/18 5:00,229,19,274.8,3.1
6/20/18 6:00,229,19,322.7,3.5
6/20/18 7:00,229,19.2,7.1,2.6
6/20/18 8:00,229,19.2,32.8,2.5
6/20/18 9:00,229,19.2,6.2,2.2
6/20/18 10:00,229,20.3,15.2,3.1
6/20/18 11:00,229,19.2,17.8,4
6/20/18 12:00,229,19.6,19.4,3.7
6/20/18 13:00,229,19.9,16.4,3.3
6/20/18 14:00,229,20.1,330.3,1
6/20/18 15:00,229,21.4,242.4,1.8
6/20/18 16:00,229,19.4,279.6,5.2
6/20/18 17:00,229,21.3,270.4,4.9
6/20/18 18:00,229,20.3,262.4,4.7
6/20/18 19:00,229,19.7,258,5.4
6/20/18 20:00,229,18.7,271.7,6.2
6/20/18 21:00,229,19,267.7,6.1
6/20/18 22:00,229,19.2,286.5,7.4
6/20/18 23:00,229,19.3,311,6
6/21/18 0:00,229,18.8,287,8.5
6/21/18 1:00,229,18.4,309.4,7.2
6/21/18 2:00,229,18.7,327.2,4.4
6/21/18 3:00,229,18.7,344.4,3.7
6/21/18 4:00,229,18,19.8,4
6/21/18 5:00,229,18.2,324.8,3.9
6/21/18 6:00,229,18.1,280.4,3.1
6/21/18 7:00,229,18.3,264.5,2.5
6/21/18 8:00,229,19.3,270.4,1.9
6/21/18 9:00,229,20.1,282.4,2.4
6/21/18 10:00,229,21,287.9,2.8
6/21/18 11:00,229,21.5,280,2.2
6/21/18 12:00,229,21.6,310.1,1.3
6/21/18 13:00,229,23.1,223.4,0.9
6/21/18 14:00,229,23.8,225.6,1.3
6/21/18 15:00,229,23.5,221.9,0.8
6/21/18 16:00,229,24.9,216,2.2
6/21/18 17:00,229,24.2,219.8,2
6/21/18 18:00,229,24.2,219.6,3.3
6/21/18 19:00,229,21.6,225.8,3.7
6/21/18 20:00,229,21.2,231.1,4
6/21/18 21:00,229,20.8,240,4.8
6/21/18 22:00,229,20.7,235.6,4.7
6/21/18 23:00,229,20.5,249.6,5
6/22/18 0:00,229,20.4,252.6,4.6
6/22/18 1:00,229,20.2,248.5,5.5
6/22/18 2:00,229,20.1,244.3,5.5
6/22/18 3:00,229,18.4,248,4.4
6/22/18 4:00,229,20,248.4,5.7
6/22/18 5:00,229,21,235.7,4.1
6/22/18 6:00,229,18.3,167.9,1.3
6/22/18 7:00,229,17,129.8,3.6
6/22/18 8:00,229,16.8,147.4,4.8
6/22/18 9:00,229,17.4,144.2,4.7
6/22/18 10:00,229,17.2,165.5,5.4
6/22/18 11:00,229,19,193.1,6.9
6/22/18 12:00,229,20.4,177.8,5.8
6/22/18 13:00,229,21.6,198.6,6
6/22/18 14:00,229,23,195.9,6.3
6/22/18 15:00,229,23.3,198.1,6
6/22/18 16:00,229,23.1,206.5,6.7
6/22/18 17:00,229,22.7,211.2,6.5
6/22/18 18:00,229,22.1,206.6,5.6
6/22/18 19:00,229,22.2,212.2,5.8
6/22/18 20:00,229,22.7,234.7,4.8
6/22/18 21:00,229,22.2,229.8,5.8
6/22/18 22:00,229,21.7,231.6,5.6
6/22/18 23:00,229,21.6,234.1,5.7
6/23/18 0:00,229,21.4,236.9,5.8
6/23/18 1:00,229,20.6,229.5,5.2
6/23/18 2:00,229,20.5,222.1,5.7
6/23/18 3:00,229,21,235.3,5.2
6/23/18 4:00,229,21.4,246,5.2
6/23/18 5:00,229,20.7,178.7,6.8
6/23/18 6:00,229,21,199.9,5.2
6/23/18 7:00,229,21,215.5,5.5
6/23/18 8:00,229,21.6,227.1,4.8
6/23/18 9:00,229,22,220,4.9
6/23/18 10:00,229,22.4,200,5.3
6/23/18 11:00,229,22.9,210.3,5.7
6/23/18 12:00,229,22.9,207.7,5.4
6/23/18 13:00,229,24.3,236.7,4.3
6/23/18 14:00,229,23.8,241.2,4.7
6/23/18 15:00,229,23.9,245.9,4.4
6/23/18 16:00,229,24.1,250.8,4.1
6/23/18 17:00,229,23.2,254.7,4.9
6/23/18 18:00,229,21.8,261.5,3.7
6/23/18 19:00,229,21.1,268,3.7
6/23/18 20:00,229,20.5,267.7,3
6/23/18 21:00,229,20.4,280.1,2
6/23/18 22:00,229,20.4,282,2.2
6/23/18 23:00,229,20.1,322,1.7
6/24/18 0:00,229,19.6,255.6,3.6
6/24/18 1:00,229,19.7,257.1,3.9
6/24/18 2:00,229,19.8,285.2,4.3
6/24/18 3:00,229,19.7,263.7,3
6/24/18 4:00,229,19.6,261,2
6/24/18 5:00,229,19.6,224.8,2.1
6/24/18 6:00,229,19.9,218.5,3.6
6/24/18 7:00,229,20.5,220.3,4.5
6/24/18 8:00,229,21.1,213.3,4.2
6/24/18 9:00,229,21.9,222.6,2.8
6/24/18 10:00,229,23.3,196.3,2.9
6/24/18 11:00,229,22.5,198.4,5.6
6/24/18 12:00,229,24.2,207.9,5.4
6/24/18 13:00,229,25.1,214.2,5.4
6/24/18 14:00,229,25.6,212.7,5.1
6/24/18 15:00,229,24.9,213.3,7.2
6/24/18 16:00,229,24.6,225.7,4.7
6/24/18 17:00,229,23.5,221.7,5.3
6/24/18 18:00,229,23.5,231.7,4.6
6/24/18 19:00,229,22.3,234,5.1
6/24/18 20:00,229,21.5,240.8,5.1
6/24/18 21:00,229,21.3,240.5,4.6
6/24/18 22:00,229,21.2,250.5,5.5
6/24/18 23:00,229,21.2,256,5.6
6/25/18 0:00,229,21.2,245.8,4.1
6/25/18 1:00,229,21.5,267.2,4.4
6/25/18 2:00,229,21.1,246.3,3.9
6/25/18 3:00,229,21.3,260.2,2.1
6/25/18 4:00,229,20.3,156.7,0.4
6/25/18 5:00,229,19.6,172.1,2.8
6/25/18 6:00,229,19.9,150.6,3.5
6/25/18 7:00,229,19.2,157.2,4.8
6/25/18 8:00,229,20.4,134.1,4.9
6/25/18 9:00,229,20.1,170.6,5.4
6/25/18 10:00,229,21.3,185.5,5.1
6/25/18 11:00,229,22.6,191.4,4.6
6/25/18 12:00,229,22.5,165,3.6
6/25/18 13:00,229,23.7,182.8,3.2
6/25/18 14:00,229,24.9,180.3,1.5
6/25/18 15:00,229,26.1,122.2,0.8
6/25/18 16:00,229,25.9,115.4,2.2
6/25/18 17:00,229,26.7,170.8,2.3
6/25/18 18:00,229,24,206.6,2.2
6/25/18 19:00,229,23.9,180.6,3
6/25/18 20:00,229,22.9,147.7,3.5
6/25/18 21:00,229,22.2,173.3,6
6/25/18 22:00,229,21.4,175.2,8.3
6/25/18 23:00,229,21.6,193.9,7.8
6/26/18 0:00,229,21.3,199.5,7
6/26/18 1:00,229,21.7,189.7,5.7
6/26/18 2:00,229,21,152.5,6.2
6/26/18 3:00,229,21,133.4,5.1
6/26/18 4:00,229,20.4,141.6,8
6/26/18 5:00,229,20.2,124.9,9.8
6/26/18 6:00,229,19.4,133.2,9.4
6/26/18 7:00,229,20.1,155.5,12.1
6/26/18 8:00,229,20.7,166.4,12.6
6/26/18 9:00,229,21.1,191.4,12.2
6/26/18 10:00,229,21.8,188.9,13.9
6/26/18 11:00,229,21.2,194.5,12.3
6/26/18 12:00,229,21.9,203.9,9.4
6/26/18 13:00,229,22,206.1,12.5
6/26/18 14:00,229,22,208.5,13.7
6/26/18 15:00,229,22,208.7,13.8
6/26/18 16:00,229,22,212.7,13.9
6/26/18 17:00,229,21.9,217.8,13.2
6/26/18 18:00,229,22.2,221.7,12.7
6/26/18 19:00,229,22.8,231.9,13.3
6/26/18 20:00,229,21.6,231.8,10.5
6/26/18 21:00,229,21.1,240.6,10.6
6/26/18 22:00,229,19.8,252.2,11.2
6/26/18 23:00,229,19,258.8,10.9
6/27/18 0:00,229,18.7,264.4,9.8
6/27/18 1:00,229,18.7,270.3,7.3
6/27/18 2:00,229,18.6,306.4,7.3
6/27/18 3:00,229,18.6,291.5,4.2
6/27/18 4:00,229,18.7,292.1,4.1
6/27/18 5:00,229,18.6,300.8,4.3
6/27/18 6:00,229,18.3,333,3
6/27/18 7:00,229,18.3,281.3,2.9
6/27/18 8:00,229,18.7,251.8,2.6
6/27/18 9:00,229,18.6,281.8,4.1
6/27/18 10:00,229,19.5,224.9,2.1
6/27/18 11:00,229,19.7,206.1,7.4
6/27/18 12:00,229,20.7,206.5,6.7
6/27/18 13:00,229,20.9,200.1,6
6/27/18 14:00,229,20.5,195.7,5.8
6/27/18 15:00,229,20.5,201.3,7.1
6/27/18 16:00,229,21.1,208.6,6.7
6/27/18 17:00,229,21.1,213.9,5.5
6/27/18 18:00,229,20.7,212.5,6.8
6/27/18 19:00,229,20.6,209.6,4.9
6/27/18 20:00,229,20.7,195.4,7.8
6/27/18 21:00,229,20.5,204.1,6.6
6/27/18 22:00,229,20.6,195.3,9
6/27/18 23:00,229,20.5,195.6,9.6
6/28/18 0:00,229,20.5,193.6,9.3
6/28/18 1:00,229,20.3,197.5,10.2
6/28/18 2:00,229,20.5,194,8.9
6/28/18 3:00,229,20.8,187.6,7.9
6/28/18 4:00,229,20.9,190.6,8.5
6/28/18 5:00,229,20.9,182.5,8
6/28/18 6:00,229,21.2,177.7,9.8
6/28/18 7:00,229,21.3,181.5,8.6
6/28/18 8:00,229,21.3,202.6,6.8
6/28/18 9:00,229,21.1,202,8.9
6/28/18 10:00,229,21.6,216.2,4.3
6/28/18 11:00,229,21.7,225.7,3.8
6/28/18 12:00,229,21.2,175.6,3.1
6/28/18 13:00,229,21.6,202.3,4.2
6/28/18 14:00,229,21.1,207.3,8.1
6/28/18 15:00,229,21.3,222.1,6.8
6/28/18 16:00,229,21.6,244.5,4.6
6/28/18 17:00,229,21.2,219.3,4.5
6/28/18 18:00,229,21,208.1,8.2
6/28/18 19:00,229,20.7,215.1,6.8
6/28/18 20:00,229,21.1,226.7,5.4
6/28/18 21:00,229,20.8,215.8,6.6
6/28/18 22:00,229,20.8,222.3,5.5
6/28/18 23:00,229,20.4,216.6,6.7
6/29/18 0:00,229,20.9,238.8,5.1
6/29/18 1:00,229,20.4,291.2,9.3
6/29/18 2:00,229,20.3,318.5,5.4
6/29/18 3:00,229,20.2,307.9,5.1
6/29/18 4:00,229,19.9,285.8,2.1
6/29/18 5:00,229,20.1,304.5,2
6/29/18 6:00,229,19.8,328.6,1.5
6/29/18 7:00,229,19.5,6.6,1.4
6/29/18 8:00,229,19.8,341.3,0.3
6/29/18 9:00,229,20.1,2.4,0.5
6/29/18 10:00,229,20.7,305.5,1.3
6/29/18 11:00,229,22.5,333.6,0.7
6/29/18 12:00,229,21.8,210.2,0.3
6/29/18 13:00,229,21.9,316.9,1.2
6/29/18 14:00,229,21.5,35.5,0.9
6/29/18 15:00,229,23.4,147.2,0.2
6/29/18 16:00,229,22.1,86.3,1.6
6/29/18 17:00,229,23.4,222.4,0.3
6/29/18 18:00,229,23.1,130.8,0.2
6/29/18 19:00,229,21.7,144.1,1.2
6/29/18 20:00,229,21.2,199.5,2
6/29/18 21:00,229,20.8,244.6,1.3
6/29/18 22:00,229,20.2,142.4,3.3
6/29/18 23:00,229,20.2,152.7,2.9
6/30/18 0:00,229,19.3,103.2,3.1
6/30/18 1:00,229,17.5,94.2,4.2
6/30/18 2:00,229,18.7,99.2,3.4
6/30/18 3:00,229,17.2,152.5,2.1
6/30/18 4:00,229,17,82.8,4.2
6/30/18 5:00,229,17.5,81.7,4.5
6/30/18 6:00,229,18.2,89.7,4.9
6/30/18 7:00,229,19,105.8,5
6/30/18 8:00,229,19.8,114.6,5.3
6/30/18 9:00,229,21.1,159.5,4.8
6/30/18 10:00,229,21.5,117.3,3
6/30/18 11:00,229,23.6,136.5,4.5
6/30/18 12:00,229,24.2,120.3,3.5
6/30/18 13:00,229,25.1,108.4,3.2
6/30/18 14:00,229,24.5,112.3,2.9
6/30/18 15:00,229,24.2,139.5,2.9
6/30/18 16:00,229,24.6,134.5,3.4
6/30/18 17:00,229,23.8,165.1,6.6
6/30/18 18:00,229,23.1,181.3,6.6
6/30/18 19:00,229,22.7,140.1,5.3
6/30/18 20:00,229,21.8,148.2,7
6/30/18 21:00,229,21.5,145,8.5
6/30/18 22:00,229,21.6,159.1,9.3
6/30/18 23:00,229,21.9,182.3,8.2
7/1/18 0:00,229,21.2,159.1,6.7
7/1/18 1:00,229,20.8,144.9,6.4
7/1/18 2:00,229,20.6,141.9,6.2
7/1/18 3:00,229,20.5,156.8,7.5
7/1/18 4:00,229,20.2,114.7,5.3
7/1/18 5:00,229,19.6,91.4,5
7/1/18 6:00,229,19.6,83.9,4.3
7/1/18 7:00,229,20.2,87.2,4.8
7/1/18 8:00,229,20.1,77.5,3.3
7/1/18 9:00,229,20.2,72.1,3.6
7/1/18 10:00,229,19.5,66.7,5.3
7/1/18 11:00,229,19.5,78,6.9
7/1/18 12:00,229,19.2,106.5,9.2
7/1/18 13:00,229,20.2,129,6.5
7/1/18 14:00,229,20.2,127.2,6
7/1/18 15:00,229,20.9,188.2,10.8
7/1/18 16:00,229,20.9,198.6,8.4
7/1/18 17:00,229,20.9,175.7,10.2
7/1/18 18:00,229,21.2,192.7,12
7/1/18 19:00,229,21,190.4,12.8
7/1/18 20:00,229,21,184.9,8.9
7/1/18 21:00,229,21.1,166.2,8.5
7/1/18 22:00,229,20.7,182.4,8.9
7/1/18 23:00,229,20.5,177.2,9.9
7/2/18 0:00,229,20.2,152.8,10.1
7/2/18 1:00,229,19.8,147.2,9.5
7/2/18 2:00,229,19.4,133.7,6.9
7/2/18 3:00,229,19.6,122.2,8.9
7/2/18 4:00,229,19.7,131.8,8.2
7/2/18 5:00,229,19.9,137.6,8.1
7/2/18 6:00,229,20.7,174.1,10.6
7/2/18 7:00,229,20.9,190.4,10.8
7/2/18 8:00,229,21,191.7,10.4
7/2/18 9:00,229,21.6,206.7,8
7/2/18 10:00,229,21.8,198.6,10.1
7/2/18 11:00,229,22.8,196.9,9.3
7/2/18 12:00,229,23.6,204.9,8.1
7/2/18 13:00,229,22.2,191.5,8.6
7/2/18 14:00,229,23.8,202.3,5
7/2/18 15:00,229,24.2,183.6,6.5
7/2/18 16:00,229,25.2,201.1,3.4
7/2/18 17:00,229,23.7,199.6,3.8
7/2/18 18:00,229,21.6,102.9,4
7/2/18 19:00,229,22.3,142.6,4.3
7/2/18 20:00,229,22.5,188.7,3
7/2/18 21:00,229,22.3,158.4,6
7/2/18 22:00,229,21.3,167.4,6.5
7/2/18 23:00,229,23.2,182.3,3.5
7/3/18 0:00,229,22.9,116.1,5.4
7/3/18 1:00,229,22.9,116.6,4.9
7/3/18 2:00,229,21,81.4,4.2
7/3/18 3:00,229,19.8,66.6,6.7
7/3/18 4:00,229,19.6,70.3,6.6
7/3/18 5:00,229,21.1,79.5,6
7/3/18 6:00,229,21.3,82.5,5.4
7/3/18 7:00,229,21.4,71.9,6
7/3/18 8:00,229,21.1,68.7,5.7
7/3/18 9:00,229,21,64.7,4.8
7/3/18 10:00,229,22.1,61,4.5
7/3/18 11:00,229,22.8,58.2,5.1
7/3/18 12:00,229,23.1,55,5.7
7/3/18 13:00,229,23.5,43,7.1
7/3/18 14:00,229,22.7,30.7,10
7/3/18 15:00,229,23,35.2,11.1
7/3/18 16:00,229,23,31.5,11.3
7/3/18 17:00,229,22.7,19.1,11.3
7/3/18 18:00,229,23.6,9.4,9.3
7/3/18 19:00,229,22.8,28,6.4
7/3/18 20:00,229,22.3,7.7,8.7
7/3/18 21:00,229,20.8,354,5.8
7/3/18 22:00,229,21.5,12.1,5.7
7/3/18 23:00,229,22.2,297.9,7.3
7/4/18 0:00,229,22,285,9.2
7/4/18 1:00,229,21.9,323.4,9.4
7/4/18 2:00,229,21.4,325.2,9.8
7/4/18 3:00,229,21.2,303.8,7.4
7/4/18 4:00,229,21,325.8,6.8
7/4/18 5:00,229,21.2,316.5,7.1
7/4/18 6:00,229,20.9,306.1,8.4
7/4/18 7:00,229,21.1,313.4,6.9
7/4/18 8:00,229,21.5,318.6,5.9
7/4/18 9:00,229,21.5,300.1,6.9
7/4/18 10:00,229,22,305.9,5.7
7/4/18 11:00,229,23,294.4,6.5
7/4/18 12:00,229,23.8,284.9,5
7/4/18 13:00,229,24.2,280.3,4.8
7/4/18 14:00,229,26,264.7,3.2
7/4/18 15:00,229,25.2,272.9,4.8
7/4/18 16:00,229,24.6,258.9,4.5
7/4/18 17:00,229,24.8,260.3,4.4
7/4/18 18:00,229,23,248.5,4
7/4/18 19:00,229,22.8,241,3.3
7/4/18 20:00,229,22.5,247,3
7/4/18 21:00,229,22.9,234.1,2.7
7/4/18 22:00,229,22.9,237.7,3.2
7/4/18 23:00,229,23,237.9,3.8
7/5/18 0:00,229,23,230.9,2.9
7/5/18 1:00,229,22.9,239.8,2.6
7/5/18 2:00,229,23.1,240.6,2.1
7/5/18 3:00,229,23.1,216.4,1.4
7/5/18 4:00,229,22.5,192.8,3.8
7/5/18 5:00,229,22.6,206.5,2.6
7/5/18 6:00,229,22.7,222.7,2.8
7/5/18 7:00,229,23,247.7,2
7/5/18 8:00,229,23,209.7,2.7
7/5/18 9:00,229,23.3,195.7,4.6
7/5/18 10:00,229,23.5,197.3,4.5
7/5/18 11:00,229,23.9,199.4,4.1
7/5/18 12:00,229,26,221.3,2.6
7/5/18 13:00,229,27.6,226.8,1.9
7/5/18 14:00,229,27.4,237.3,1.9
7/5/18 15:00,229,27.7,241.9,2.2
7/5/18 16:00,229,27.1,256,3.4
7/5/18 17:00,229,26.2,300.8,2.8
7/5/18 18:00,229,24.4,343.9,3.2
7/5/18 19:00,229,22.4,25.6,2.3
7/5/18 20:00,229,20.9,66.8,3.5
7/5/18 21:00,229,20.6,57.3,4.2
7/5/18 22:00,229,20.9,62.5,3.9
7/5/18 23:00,229,21.9,46.7,4.1
7/6/18 0:00,229,21.9,44,3.8
7/6/18 1:00,229,20.6,45.9,4.3
7/6/18 2:00,229,19.7,47.2,5.1
7/6/18 3:00,229,19.9,64.2,5.9
7/6/18 4:00,229,19.9,68.9,5.7
7/6/18 5:00,229,19.7,68.7,6.1
7/6/18 6:00,229,19.7,75.1,6.2
7/6/18 7:00,229,19.7,71.3,6.3
7/6/18 8:00,229,20.1,73.6,6.2
7/6/18 9:00,229,20.8,76.3,5.4
7/6/18 10:00,229,20.7,77.2,6.1
7/6/18 11:00,229,21.7,77.3,5.5
7/6/18 12:00,229,24.3,77.8,3.7
7/6/18 13:00,229,22.9,89.6,5.9
7/6/18 14:00,229,22.8,96.1,6.8
7/6/18 15:00,229,22.2,93.3,7.7
7/6/18 16:00,229,23.2,97.2,6.1
7/6/18 17:00,229,22.1,63.6,4.8
7/6/18 18:00,229,20.6,38.1,5.1
7/6/18 19:00,229,21.2,49.5,4.7
7/6/18 20:00,229,20.7,68,4.9
7/6/18 21:00,229,20.3,70.1,5.4
7/6/18 22:00,229,20.1,68.2,5.6
7/6/18 23:00,229,20.6,78.7,6.7
7/7/18 0:00,229,21,78.3,6.9
7/7/18 1:00,229,20.5,75.3,5.3
7/7/18 2:00,229,19.6,68.2,6.5
7/7/18 3:00,229,19.6,69.2,6.9
7/7/18 4:00,229,19.5,73.7,7
7/7/18 5:00,229,19.1,71.2,6
7/7/18 6:00,229,19,65.2,8
7/7/18 7:00,229,19.4,66.6,7.6
7/7/18 8:00,229,20.1,69.5,6.5
7/7/18 9:00,229,20.8,69.6,5.9
7/7/18 10:00,229,20.9,60.5,7.8
7/7/18 11:00,229,21.7,64.9,6.4
7/7/18 12:00,229,21.5,73.9,4.8
7/7/18 13:00,229,22.6,65.6,5.4
7/7/18 14:00,229,21.2,51.1,6
7/7/18 15:00,229,20.8,42.5,6.3
7/7/18 16:00,229,20.4,40.2,5.9
7/7/18 17:00,229,19.8,22.9,7.1
7/7/18 18:00,229,20.5,35.3,7.1
7/7/18 19:00,229,20.7,44,6.7
7/7/18 20:00,229,21.1,49.1,6
7/7/18 21:00,229,21.1,53.5,4.9
7/7/18 22:00,229,22,28.9,3.1
7/7/18 23:00,229,21.2,40.1,5.3
7/8/18 0:00,229,20.1,56.2,5.3
7/8/18 1:00,229,19.6,68.6,5.3
7/8/18 2:00,229,20.7,97.7,4.3
7/8/18 3:00,229,20.5,124.7,3.1
7/8/18 4:00,229,20.4,182.5,2.3
7/8/18 5:00,229,20.9,233.9,0.8
7/8/18 6:00,229,19.9,97.4,2.4
7/8/18 7:00,229,20.8,110.8,4.2
7/8/18 8:00,229,21.1,107.7,4.2
7/8/18 9:00,229,21.8,108.4,3.6
7/8/18 10:00,229,21.4,116.9,3.2
7/8/18 11:00,229,24,125.1,2.2
7/8/18 12:00,229,24.7,119.7,2.3
7/8/18 13:00,229,24.6,144.7,1.9
7/8/18 14:00,229,24.6,143.3,1.8
7/8/18 15:00,229,24.5,144.8,1.9
7/8/18 16:00,229,25,150.7,1.1
7/8/18 17:00,229,24.1,202,1.8
7/8/18 18:00,229,23.4,211.1,1
7/8/18 19:00,229,21.9,265.6,1
7/8/18 20:00,229,20.5,56,3.9
7/8/18 21:00,229,20.5,60,4.8
7/8/18 22:00,229,20.6,75.4,4
7/8/18 23:00,229,20.8,74.9,3.9
7/9/18 0:00,229,19.8,61.8,5.1
7/9/18 1:00,229,20.4,72.2,4.7
7/9/18 2:00,229,20.3,62.7,4.5
7/9/18 3:00,229,20.1,83.4,3.5
7/9/18 4:00,229,19.4,101,3.8
7/9/18 5:00,229,19.4,114.7,3.4
7/9/18 6:00,229,20,118.6,4.7
7/9/18 7:00,229,20.4,121.5,4.2
7/9/18 8:00,229,20.6,111.1,4.2
7/9/18 9:00,229,20.2,110.5,4.8
7/9/18 10:00,229,19.7,93.5,5.3
7/9/18 11:00,229,19.9,99.1,5.9
7/9/18 12:00,229,19.8,84.8,5.1
7/9/18 13:00,229,19.8,89.1,6.4
7/9/18 14:00,229,19.9,88.8,6.4
7/9/18 15:00,229,20,86.8,7
7/9/18 16:00,229,20.1,99.4,8.6
7/9/18 17:00,229,20.2,102.7,8.1
7/9/18 18:00,229,20.2,109,8.9
7/9/18 19:00,229,20.5,111.3,8.9
7/9/18 20:00,229,21.4,123.7,9.2
7/9/18 21:00,229,21.3,132.9,7.4
7/9/18 22:00,229,21.5,143.1,7.8
7/9/18 23:00,229,21.8,160,10.3
7/10/18 0:00,229,22.6,183.5,10
7/10/18 1:00,229,22.6,180,11.9
7/10/18 2:00,229,22.5,175.6,11.2
7/10/18 3:00,229,22.4,177.8,10.6
7/10/18 4:00,229,22.4,176.8,10.9
7/10/18 5:00,229,22.3,175.5,10.1
7/10/18 6:00,229,22.4,179.4,10
7/10/18 7:00,229,22.7,189.9,11.4
7/10/18 8:00,229,22.9,180.4,10.6
7/10/18 9:00,229,23.2,178.7,10.4
7/10/18 10:00,229,23.3,184,9
7/10/18 11:00,229,23.6,185.5,9.8
7/10/18 12:00,229,24.2,189.5,9
7/10/18 13:00,229,24.6,188.5,9.4
7/10/18 14:00,229,24.5,189.3,9.3
7/10/18 15:00,229,24.1,191.2,10.5
7/10/18 16:00,229,24.1,194.9,10.7
7/10/18 17:00,229,24,198.2,10.4
7/10/18 18:00,229,23.9,203.6,10.7
7/10/18 19:00,229,23.8,199.1,10.4
7/10/18 20:00,229,23.6,195.3,11.5
7/10/18 21:00,229,23.4,196.1,10.8
7/10/18 22:00,229,23.6,195.4,11.6
7/10/18 23:00,229,24,196.7,10.9
7/11/18 0:00,229,23.6,194.5,8.6
7/11/18 1:00,229,23.5,193.6,7.7
7/11/18 2:00,229,23.5,195.3,7.6
7/11/18 3:00,229,23.6,195.5,9.1
7/11/18 4:00,229,23.3,195.5,8.6
7/11/18 5:00,229,23.5,191.5,9.6
7/11/18 6:00,229,23.8,187.1,10.1
7/11/18 7:00,229,23.9,182.5,10.7
7/11/18 8:00,229,24.4,184.2,10.4
7/11/18 9:00,229,24.9,182.9,10.3
7/11/18 10:00,229,24.7,186.7,11
7/11/18 11:00,229,25,190.9,10.2
7/11/18 12:00,229,24.8,192.7,9.1
7/11/18 13:00,229,26,195.4,10.3
7/11/18 14:00,229,26,198.1,11.7
7/11/18 15:00,229,26.2,201.1,9.7
7/11/18 16:00,229,26.1,194.9,9
7/11/18 17:00,229,26.8,201.6,7.9
7/11/18 18:00,229,26.3,206,7.4
7/11/18 19:00,229,25.5,204.8,8.4
7/11/18 20:00,229,25,201.1,8.1
7/11/18 21:00,229,24.8,204.8,8.8
7/11/18 22:00,229,24.6,204.8,9
7/11/18 23:00,229,24.4,207.7,8.7
7/12/18 0:00,229,24.4,208.3,8
7/12/18 1:00,229,23.9,205.1,8.2
7/12/18 2:00,229,23.8,205.8,9.1
7/12/18 3:00,229,23.8,206.4,8.4
7/12/18 4:00,229,23.6,206.5,8.3
7/12/18 5:00,229,23.6,208.4,7.8
7/12/18 6:00,229,23.6,209.2,6.8
7/12/18 7:00,229,23.6,209.5,8
7/12/18 8:00,229,23.6,213,6.1
7/12/18 9:00,229,24,203.6,6.9
7/12/18 10:00,229,24.4,202.4,6.9
7/12/18 11:00,229,25.1,197.5,9
7/12/18 12:00,229,25.3,193.3,8.5
7/12/18 13:00,229,25.8,192.7,7.8
7/12/18 14:00,229,26.6,197.1,6.2
7/12/18 15:00,229,25.7,193.4,6.6
7/12/18 16:00,229,25.5,191,6.4
7/12/18 17:00,229,25.8,192.7,7.7
7/12/18 18:00,229,25.5,206.4,7.3
7/12/18 19:00,229,24.3,200,8.8
7/12/18 20:00,229,23.8,206.2,7.4
7/12/18 21:00,229,23.7,209.1,7.1
7/12/18 22:00,229,23.6,218.6,6.1
7/12/18 23:00,229,23.8,216.6,4.8
7/13/18 0:00,229,23.6,216.3,5.5
7/13/18 1:00,229,23.5,210.8,7.7
7/13/18 2:00,229,24,212.3,8.6
7/13/18 3:00,229,24.1,206.3,7.7
7/13/18 4:00,229,23.9,204.6,8.7
7/13/18 5:00,229,23.9,206.4,6.7
7/13/18 6:00,229,23.9,210.7,8.6
7/13/18 7:00,229,23.8,192.1,8.2
7/13/18 8:00,229,23.8,195.3,7.8
7/13/18 9:00,229,24.1,194.5,6.3
7/13/18 10:00,229,24.8,192.8,6.5
7/13/18 11:00,229,25.4,188.5,7.2
7/13/18 12:00,229,25.9,197.1,9.3
7/13/18 13:00,229,26.3,195,8.7
7/13/18 14:00,229,26.8,195.5,6.8
7/13/18 15:00,229,26.4,191.9,8.9
7/13/18 16:00,229,26.3,191.8,8.4
7/13/18 17:00,229,26.1,189.3,7.8
7/13/18 18:00,229,25.6,192.1,8.5
7/13/18 19:00,229,25,195,9.1
7/13/18 20:00,229,24.2,201.7,7.9
7/13/18 21:00,229,24,206.4,7.2
7/13/18 22:00,229,23.8,204.5,8
7/13/18 23:00,229,23.5,207.5,9.9
7/14/18 0:00,229,23.6,209.6,7.3
7/14/18 1:00,229,23.5,211.8,7.5
7/14/18 2:00,229,23.6,220.7,7.6
7/14/18 3:00,229,23.8,216.5,9
7/14/18 4:00,229,23.5,209.2,6.5
7/14/18 5:00,229,23.6,208.7,6.8
7/14/18 6:00,229,23.8,209.6,5.2
7/14/18 7:00,229,24.2,197.6,5.3
7/14/18 8:00,229,24.4,186.4,7.6
7/14/18 9:00,229,25,181.7,6.7
7/14/18 10:00,229,25.4,175.3,6.6
7/14/18 11:00,229,25,176.8,6.1
7/14/18 12:00,229,25.4,176.5,6.7
7/14/18 13:00,229,25.5,186.6,6.6
7/14/18 14:00,229,26.3,178.5,7.1
7/14/18 15:00,229,26.4,185.4,7.4
7/14/18 16:00,229,26.3,193.1,10.4
7/14/18 17:00,229,26,196.3,9.7
7/14/18 18:00,229,25.6,198.5,9.8
7/14/18 19:00,229,25,204,8.2
7/14/18 20:00,229,24.1,205.4,8.3
7/14/18 21:00,229,23.9,205.4,7.5
7/14/18 22:00,229,23.7,204.2,10.1
7/14/18 23:00,229,23.6,205.9,8.9
7/15/18 0:00,229,23.8,213.6,7.1
7/15/18 1:00,229,23.9,224.8,5.5
7/15/18 2:00,229,23.6,216.9,6
7/15/18 3:00,229,23.5,220.4,5
7/15/18 4:00,229,23.6,217.1,3.6
7/15/18 5:00,229,23.1,149.1,0.4
7/15/18 6:00,229,22.7,104,2.5
7/15/18 7:00,229,23.2,160.4,5.3
7/15/18 8:00,229,23.6,175.1,7
7/15/18 9:00,229,24.1,186.3,8.6
7/15/18 10:00,229,25,188.9,6.8
7/15/18 11:00,229,26,186.2,5.8
7/15/18 12:00,229,26,190.6,4.7
7/15/18 13:00,229,26.3,188.8,5.9
7/15/18 14:00,229,26.7,205.1,5.7
7/15/18 15:00,229,27.5,215,3.3
7/15/18 16:00,229,27.9,207.3,3.3
7/15/18 17:00,229,28.3,205.9,2.4
7/15/18 18:00,229,27.4,210.6,2.8
7/15/18 19:00,229,26.9,216.8,1.7
7/15/18 20:00,229,24.9,208.6,2.6
7/15/18 21:00,229,24.6,229.2,2.6
7/15/18 22:00,229,24.4,238.3,2.3
7/15/18 23:00,229,24.3,232.9,2.8
7/16/18 0:00,229,24.2,233,2.1
7/16/18 1:00,229,22.8,229.4,1.2
7/16/18 2:00,229,21.8,118.3,1.4
7/16/18 3:00,229,22.3,98.7,2.6
7/16/18 4:00,229,21.9,81.5,2.2
7/16/18 5:00,229,22,100.5,3.6
7/16/18 6:00,229,22.1,99.8,3.4
7/16/18 7:00,229,22.3,102.5,4.1
7/16/18 8:00,229,23.2,115.3,3.4
7/16/18 9:00,229,25.2,143.8,3.6
7/16/18 10:00,229,26.8,139.3,1.8
7/16/18 11:00,229,25.8,116.8,2
7/16/18 12:00,229,27.2,187,3.2
7/16/18 13:00,229,28,184.3,2.4
7/16/18 14:00,229,28.3,196.2,3.5
7/16/18 15:00,229,28.7,193.4,2.9
7/16/18 16:00,229,28.9,203.6,2.1
7/16/18 17:00,229,28.4,214.5,2.1
7/16/18 18:00,229,28.4,210.7,2.2
7/16/18 19:00,229,26.8,196.5,1.7
7/16/18 20:00,229,25.1,195.8,2.8
7/16/18 21:00,229,24.7,201,2.3
7/16/18 22:00,229,24.5,204.1,2.2
7/16/18 23:00,229,24.2,211.1,2.9
7/17/18 0:00,229,24,204.8,3.8
7/17/18 1:00,229,23.9,203,3.8
7/17/18 2:00,229,23.6,186.2,3
7/17/18 3:00,229,24,192.8,4
7/17/18 4:00,229,23.9,0,0
7/17/18 5:00,229,,0,0
7/17/18 6:00,229,,0,0
7/17/18 7:00,229,,0,0
7/17/18 8:00,229,25.3,200.2,3.9
7/17/18 9:00,229,26.2,200.9,4.8
7/17/18 10:00,229,27.1,195.6,5.1
7/17/18 11:00,229,27.8,200,5.1
7/17/18 12:00,229,,0,0
7/17/18 13:00,229,,0,0
7/17/18 14:00,229,,0,0
7/17/18 15:00,229,29.4,219.3,1.2
7/17/18 16:00,229,29.4,212.9,1.4
7/17/18 17:00,229,28,178.9,1.4
7/17/18 18:00,229,28.1,154.6,0.6
7/17/18 19:00,229,26.9,146.4,1
7/17/18 20:00,229,24.6,115,1.9
7/17/18 21:00,229,24.7,141.3,2
7/17/18 22:00,229,24.6,163.4,2
7/17/18 23:00,229,24.7,191.5,1.8
7/18/18 0:00,229,24.3,215.9,0.7
7/18/18 1:00,229,24.3,194.7,0.6
7/18/18 2:00,229,23,101.4,2.5
7/18/18 3:00,229,23.3,138.2,4
7/18/18 4:00,229,23.9,154.8,3.3
7/18/18 5:00,229,24.2,147,3
7/18/18 6:00,229,23.7,141.4,3.2
7/18/18 7:00,229,22.8,106.7,2.4
7/18/18 8:00,229,22.6,96.9,3.5
7/18/18 9:00,229,24.6,114.3,3.7
7/18/18 10:00,229,24.7,78.5,2.4
7/18/18 11:00,229,26.7,99.2,1
7/18/18 12:00,229,27,174.5,3.9
7/18/18 13:00,229,28.3,150.4,2.4
7/18/18 14:00,229,28.7,163.5,1.1
7/18/18 15:00,229,27.8,148.5,1.2
7/18/18 16:00,229,29.5,203.4,2.1
7/18/18 17:00,229,29.2,198.8,2
7/18/18 18:00,229,28.3,193.8,3
7/18/18 19:00,229,28.2,218.5,1.1
7/18/18 20:00,229,26.3,214.7,0.8
7/18/18 21:00,229,25.6,210.8,1.3
7/18/18 22:00,229,25.5,218.2,0.8
7/18/18 23:00,229,24.1,22.1,1.1
7/19/18 0:00,229,23.6,70.7,0.5
7/19/18 1:00,229,23.7,226.2,0.4
7/19/18 2:00,229,24.5,280.6,0.1
7/19/18 3:00,229,23.8,42.9,1.3
7/19/18 4:00,229,24.1,175.8,0
7/19/18 5:00,229,24,154.3,0.9
7/19/18 6:00,229,23.3,84.4,1
7/19/18 7:00,229,24,111.3,1.4
7/19/18 8:00,229,25,90.4,1
7/19/18 9:00,229,23.8,67.3,2.2
7/19/18 10:00,229,25.4,70.9,2.2
7/19/18 11:00,229,23.6,70.4,2.2
7/19/18 12:00,229,,0,0
7/19/18 13:00,229,24.1,49.4,1.3
7/19/18 14:00,229,26.9,66.5,0.6
7/19/18 15:00,229,26,60.1,1.9
7/19/18 16:00,229,24,49.6,2.5
7/19/18 17:00,229,24.1,57.4,2.1
7/19/18 18:00,229,23.4,42.5,2.4
7/19/18 19:00,229,23.6,24.5,2.7
7/19/18 20:00,229,23.2,15.3,2.7
7/19/18 21:00,229,24.1,359.8,2.1
7/19/18 22:00,229,23.9,2.6,2.3
7/19/18 23:00,229,24.2,344.3,3
7/20/18 0:00,229,24.1,352,2.6
7/20/18 1:00,229,23.9,357.8,2
7/20/18 2:00,229,23.6,20.3,2.8
7/20/18 3:00,229,23.4,70.4,1.6
7/20/18 4:00,229,22.7,59.4,2.1
7/20/18 5:00,229,21.6,74.6,3
7/20/18 6:00,229,21.5,67.3,3.5
7/20/18 7:00,229,22.4,43.9,2.9
7/20/18 8:00,229,22.6,15.8,3.3
7/20/18 9:00,229,22.9,34.9,2.9
7/20/18 10:00,229,23.7,67.3,2.2
7/20/18 11:00,229,23.8,59.7,1.8
7/20/18 12:00,229,24.3,48.7,2
7/20/18 13:00,229,23.7,29.2,3.1
7/20/18 14:00,229,24.6,40.4,3.2
7/20/18 15:00,229,25,49.5,2.1
7/20/18 16:00,229,24.3,38.3,2.4
7/20/18 17:00,229,24.2,29.8,2.7
7/20/18 18:00,229,24.3,21.6,2.5
7/20/18 19:00,229,24.6,12,2.4
7/20/18 20:00,229,24.2,9,3.4
7/20/18 21:00,229,24.4,4.3,2.5
7/20/18 22:00,229,24.1,12.4,3.5
7/20/18 23:00,229,24.1,19.1,4.3
7/21/18 0:00,229,24,44.3,4.2
7/21/18 1:00,229,22.9,57.3,3.5
7/21/18 2:00,229,22.6,47.2,3.8
7/21/18 3:00,229,22.9,43.7,4.4
7/21/18 4:00,229,22.3,30.2,5.1
7/21/18 5:00,229,22.7,30,5.5
7/21/18 6:00,229,22.6,40.7,5.1
7/21/18 7:00,229,23.2,50.6,4.1
7/21/18 8:00,229,23.8,56.4,5.3
7/21/18 9:00,229,24.3,62.9,4.7
7/21/18 10:00,229,25.8,68.5,4.2
7/21/18 11:00,229,27.3,78.3,2.5
7/21/18 12:00,229,28.6,91.9,1.6
7/21/18 13:00,229,28.9,83.7,0.7
7/21/18 14:00,229,27.2,31.3,1.1
7/21/18 15:00,229,26.7,26,1.5
7/21/18 16:00,229,26.6,24.2,1.9
7/21/18 17:00,229,26.4,10.9,3.1
7/21/18 18:00,229,26.1,12.7,3.7
7/21/18 19:00,229,26,6.1,3.6
7/21/18 20:00,229,25.5,13,4.9
7/21/18 21:00,229,25.4,12.2,4.6
7/21/18 22:00,229,25.2,27.1,5
7/21/18 23:00,229,25.2,28.4,4.8
7/22/18 0:00,229,25,33.1,5
7/22/18 1:00,229,24.4,46.5,5.4
7/22/18 2:00,229,23.4,51.1,5.3
7/22/18 3:00,229,23,60.7,6
7/22/18 4:00,229,23.3,67.7,5.8
7/22/18 5:00,229,24.5,74.3,5.2
7/22/18 6:00,229,24.1,66.5,6.5
7/22/18 7:00,229,24.1,64.4,6
7/22/18 8:00,229,25.2,67.3,5.9
7/22/18 9:00,229,25.7,59.2,7
7/22/18 10:00,229,26.4,63.2,5.9
7/22/18 11:00,229,26.7,74.6,3.8
7/22/18 12:00,229,26.6,62.7,5.3
7/22/18 13:00,229,27.2,70.5,5.2
7/22/18 14:00,229,27.4,77.3,3.5
7/22/18 15:00,229,26.8,60.4,3.4
7/22/18 16:00,229,30.1,184.4,1.1
7/22/18 17:00,229,31.6,218.4,1.1
7/22/18 18:00,229,30.6,207.7,1.2
7/22/18 19:00,229,29.8,152.2,1.2
7/22/18 20:00,229,27.8,78.1,1.8
7/22/18 21:00,229,27.1,87.6,4.1
7/22/18 22:00,229,27,102.7,4.8
7/22/18 23:00,229,27.7,142.2,5.5
7/23/18 0:00,229,27.5,154.5,5.2
7/23/18 1:00,229,26.8,169,5.6
7/23/18 2:00,229,27.3,177.4,7.5
7/23/18 3:00,229,26.9,170.8,6.6
7/23/18 4:00,229,26.4,143.9,5.2
7/23/18 5:00,229,26.3,141.4,4.3
7/23/18 6:00,229,24.9,119.7,4.7
7/23/18 7:00,229,26.4,127,5.3
7/23/18 8:00,229,26.8,127.5,4.4
7/23/18 9:00,229,27.4,137.8,4.1
7/23/18 10:00,229,28.1,134,3.3
7/23/18 11:00,229,29.2,130.9,2.8
7/23/18 12:00,229,29.9,139.8,2.7
7/23/18 13:00,229,31,146.2,2
7/23/18 14:00,229,29.9,152.3,2.9
7/23/18 15:00,229,31.5,160.7,2.5
7/23/18 16:00,229,32.1,190.8,2.1
7/23/18 17:00,229,31.6,196,2.2
7/23/18 18:00,229,31.5,201,2.1
7/23/18 19:00,229,26.3,11.2,1.4
7/23/18 20:00,229,26.7,41.2,2.4
7/23/18 21:00,229,27.6,74,1.7
7/23/18 22:00,229,25.4,71.6,3.6
7/23/18 23:00,229,26,74.6,2.7
7/24/18 0:00,229,25.4,74.8,4.3
7/24/18 1:00,229,24.8,78.9,4.3
7/24/18 2:00,229,25.7,86.4,4
7/24/18 3:00,229,25.3,104.8,3.8
7/24/18 4:00,229,25.7,113.8,4.5
7/24/18 5:00,229,26.1,137.8,4
7/24/18 6:00,229,26.9,171,5.1
7/24/18 7:00,229,25.5,116.2,4
7/24/18 8:00,229,27.8,137.8,2.8
7/24/18 9:00,229,28.9,119.7,2.7
7/24/18 10:00,229,28.7,141.7,3.7
7/24/18 11:00,229,29.6,183.7,4
7/24/18 12:00,229,-999,-999,-999
7/24/18 13:00,229,-999,-999,-999
7/24/18 14:00,229,29.7,191.9,5.6
7/24/18 15:00,229,30.4,169.1,4.7
7/24/18 16:00,229,29.9,192.4,7.3
7/24/18 17:00,229,29.4,204.3,7.5
7/24/18 18:00,229,28.9,193.9,6
7/24/18 19:00,229,27.9,193.3,7.6
7/24/18 20:00,229,27,194.2,7.5
7/24/18 21:00,229,26.7,194.4,7.6
7/24/18 22:00,229,26.6,193.1,8.7
7/24/18 23:00,229,26.3,203.8,8.4
7/25/18 0:00,229,26.3,203.6,9.4
7/25/18 1:00,229,26.3,199.3,9.4
7/25/18 2:00,229,26.3,198.6,9.3
7/25/18 3:00,229,26.4,200.6,10.2
7/25/18 4:00,229,26.4,195.7,10.6
7/25/18 5:00,229,26.3,195.3,9.6
7/25/18 6:00,229,26.1,199,9.3
7/25/18 7:00,229,26,197.8,9.4
7/25/18 8:00,229,26.2,194.8,9.7
7/25/18 9:00,229,26.6,198.2,9.1
7/25/18 10:00,229,27,200.1,8.2
7/25/18 11:00,229,27.8,197.8,8
7/25/18 12:00,229,27.5,199.2,7.8
7/25/18 13:00,229,28.6,199.6,7.8
7/25/18 14:00,229,28.8,192.6,9.1
7/25/18 15:00,229,28.9,197.3,8.4
7/25/18 16:00,229,28.2,194.6,8.4
7/25/18 17:00,229,27.2,201.8,8.2
7/25/18 18:00,229,26.9,198.8,7.8
7/25/18 19:00,229,26.5,201.7,7.2
7/25/18 20:00,229,26.4,209.7,5.7
7/25/18 21:00,229,26.3,208.8,5.9
7/25/18 22:00,229,26.3,204.7,5
7/25/18 23:00,229,26.3,207.9,4.9
7/26/18 0:00,229,26.3,202.3,4.8
7/26/18 1:00,229,26.3,206.8,4.7
7/26/18 2:00,229,26.2,203.2,5.1
7/26/18 3:00,229,26.3,197.3,5.5
7/26/18 4:00,229,26.3,193,6.1
7/26/18 5:00,229,26.3,194.3,6.4
7/26/18 6:00,229,26.2,195.8,6.9
7/26/18 7:00,229,26.3,196.6,6.5
7/26/18 8:00,229,26.1,203.4,6
7/26/18 9:00,229,27.2,198.1,7.2
7/26/18 10:00,229,27.7,190,7.5
7/26/18 11:00,229,27.8,204.4,6.3
7/26/18 12:00,229,27.6,194.1,6.5
7/26/18 13:00,229,28.7,190.6,5.1
7/26/18 14:00,229,28.5,199.4,5.9
7/26/18 15:00,229,29.6,196.7,5.3
7/26/18 16:00,229,29.7,197.7,4.4
7/26/18 17:00,229,30,201.5,3
7/26/18 18:00,229,29.5,200.7,2.4
7/26/18 19:00,229,28,214.9,2.9
7/26/18 20:00,229,27,211.2,2.7
7/26/18 21:00,229,26.7,216.3,2.4
7/26/18 22:00,229,26.6,221.7,3.1
7/26/18 23:00,229,26.3,211.8,4
7/27/18 0:00,229,26.4,216.3,4.1
7/27/18 1:00,229,26.4,237.5,2.8
7/27/18 2:00,229,26.3,251.8,2.3
7/27/18 3:00,229,26.2,210.6,2.2
7/27/18 4:00,229,26.2,213.6,1.9
7/27/18 5:00,229,25.9,187,1
7/27/18 6:00,229,25.8,149.7,1.4
7/27/18 7:00,229,26.7,227.9,1.2
7/27/18 8:00,229,27.3,153.8,1.4
7/27/18 9:00,229,27.8,183,2.5
7/27/18 10:00,229,28.8,150.1,2.9
7/27/18 11:00,229,28.9,165,3.4
7/27/18 12:00,229,31,144.8,1.5
7/27/18 13:00,229,31.7,196.6,1.2
7/27/18 14:00,229,29.7,230.2,0.6
7/27/18 15:00,229,30.8,246.8,1.6
7/27/18 16:00,229,30.8,259.9,2.4
7/27/18 17:00,229,30.2,267.7,2.6
7/27/18 18:00,229,29.6,280.5,2.9
7/27/18 19:00,229,27.9,284.1,4.8
7/27/18 20:00,229,27.2,298.7,4.3
7/27/18 21:00,229,27.2,300.5,4.6
7/27/18 22:00,229,27.2,311.2,4.4
7/27/18 23:00,229,27.3,318.7,4.4
7/28/18 0:00,229,27.2,341.6,4.1
7/28/18 1:00,229,27.1,341,3.8
7/28/18 2:00,229,26.6,7.3,2.5
7/28/18 3:00,229,26.6,6.3,2.2
7/28/18 4:00,229,26.3,2.6,1.9
7/28/18 5:00,229,26.2,353.3,0.9
7/28/18 6:00,229,26.2,289.7,2.2
7/28/18 7:00,229,27,6,1.2
7/28/18 8:00,229,27.8,360,1.1
7/28/18 9:00,229,27.9,354.4,1.3
7/28/18 10:00,229,28.9,354.6,1
7/28/18 11:00,229,28.7,307.2,2.5
7/28/18 12:00,229,29,296.7,3.7
7/28/18 13:00,229,29.4,295.2,3.5
7/28/18 14:00,229,30.2,306.8,2.2
7/28/18 15:00,229,29.1,347.2,3.3
7/28/18 16:00,229,28.9,359.9,2.4
7/28/18 17:00,229,28.7,321.9,3.4
7/28/18 18:00,229,28.3,335,4.3
7/28/18 19:00,229,28.1,341.4,4.2
7/28/18 20:00,229,27.6,336.3,5.8
7/28/18 21:00,229,27.2,351.5,4.3
7/28/18 22:00,229,26.8,27.3,4.3
7/28/18 23:00,229,26.9,5.8,2.3
7/29/18 0:00,229,26.7,5.5,2.9
7/29/18 1:00,229,26.3,13.5,2.8
7/29/18 2:00,229,26.2,19.3,4.7
7/29/18 3:00,229,27.2,67.6,1.4
7/29/18 4:00,229,25.6,36.3,2.8
7/29/18 5:00,229,25.3,36.7,4.6
7/29/18 6:00,229,25,61.9,5.1
7/29/18 7:00,229,25.3,77.3,4.8
7/29/18 8:00,229,26.5,73.6,4.4
7/29/18 9:00,229,27.4,62.2,5.7
7/29/18 10:00,229,27.5,44.4,3
7/29/18 11:00,229,27.2,43.3,5.3
7/29/18 12:00,229,27.4,24.9,5.3
7/29/18 13:00,229,27.6,13.7,5.6
7/29/18 14:00,229,27.4,19.4,7.5
7/29/18 15:00,229,27.7,28.7,8.3
7/29/18 16:00,229,28.2,22.6,8.4
7/29/18 17:00,229,28.2,13.8,9.3
7/29/18 18:00,229,28.7,11.4,7
7/29/18 19:00,229,28.1,19.8,7.5
7/29/18 20:00,229,27.7,18.1,8.2
7/29/18 21:00,229,27.3,9.6,9
7/29/18 22:00,229,26.9,17.5,11.5
7/29/18 23:00,229,26.3,32,10.6
7/30/18 0:00,229,25.7,58.1,10
7/30/18 1:00,229,25.4,65.8,9.4
7/30/18 2:00,229,25.1,62.8,7.5
7/30/18 3:00,229,24.9,60.4,7.8
7/30/18 4:00,229,24.5,66.5,7
7/30/18 5:00,229,24.4,59.6,8.1
7/30/18 6:00,229,24.2,55.3,6.7
7/30/18 7:00,229,25.1,53,7.9
7/30/18 8:00,229,26.2,57.1,8.8
7/30/18 9:00,229,26.8,64.1,8.7
7/30/18 10:00,229,27,58,9
7/30/18 11:00,229,27.4,54.9,7.5
7/30/18 12:00,229,27.6,56.8,7.6
7/30/18 13:00,229,27.8,57.6,6.8
7/30/18 14:00,229,28.2,58.7,6.7
7/30/18 15:00,229,28.3,51.2,5.9
7/30/18 16:00,229,27.5,43.1,5.8
7/30/18 17:00,229,27.1,30.4,5.5
7/30/18 18:00,229,27.3,21,4.5
7/30/18 19:00,229,27.4,12.7,5.3
7/30/18 20:00,229,27.5,13.5,6.2
7/30/18 21:00,229,27.1,9.9,6.6
7/30/18 22:00,229,26.7,9.6,6.5
7/30/18 23:00,229,26.2,8.7,6.8
7/31/18 0:00,229,26.3,13.4,7.4
7/31/18 1:00,229,26.9,17,7.4
7/31/18 2:00,229,26.8,31,5.8
7/31/18 3:00,229,25.6,48.7,5.2
7/31/18 4:00,229,25.7,68.1,5
7/31/18 5:00,229,25.3,60.8,2.4
7/31/18 6:00,229,26.3,190.1,0.9
7/31/18 7:00,229,26.9,161.8,1.6
7/31/18 8:00,229,28.4,145.9,1.5
7/31/18 9:00,229,27.3,47.5,3.1
7/31/18 10:00,229,28.4,83.6,2.6
7/31/18 11:00,229,29,110.9,1.8
7/31/18 12:00,229,31.7,193.1,1.5
7/31/18 13:00,229,31.2,248.1,1.2
7/31/18 14:00,229,28.7,334,0.8
7/31/18 15:00,229,28.5,327.2,2.5
7/31/18 16:00,229,29.3,13,2.3
7/31/18 17:00,229,28.3,21.9,4.1
7/31/18 18:00,229,28.6,14.1,3.1
7/31/18 19:00,229,27.4,10.9,4.9
7/31/18 20:00,229,26.9,14.5,5.6
7/31/18 21:00,229,26.7,10.2,6.1
7/31/18 22:00,229,26.4,13.8,6.4
7/31/18 23:00,229,26.5,13.2,4.9